chain,address,type,entity_name,tier,source,source_ref
tron,TNiq9AXBp9EjUqhDhrwrfvAA8U3GUQZH81,sanctioned,BANK MARKAZI JOMHOURI ISLAMI IRAN,published,ofac,"OFAC SDN uid 4632; programs IRAN,IFSR,IRGC,SDGT; TRX; list of 10/02/2026"
tron,TTiDLWE6fZK8okMJv6ijg42yrH6W2pjSr9,sanctioned,BANK MARKAZI JOMHOURI ISLAMI IRAN,published,ofac,"OFAC SDN uid 4632; programs IRAN,IFSR,IRGC,SDGT; TRX; list of 10/02/2026"
tron,TAhwhFv3JpK39Nc2m8W5LPCcoTisutiRfp,sanctioned,BANK MARKAZI JOMHOURI ISLAMI IRAN,published,ofac,"OFAC SDN uid 4632; programs IRAN,IFSR,IRGC,SDGT; TRX; list of 10/02/2026"
tron,TJdgB1k6ot3f2nLuZug6D8eD3HavTmzmSK,sanctioned,BANK MARKAZI JOMHOURI ISLAMI IRAN,published,ofac,"OFAC SDN uid 4632; programs IRAN,IFSR,IRGC,SDGT; TRX; list of 10/02/2026"
tron,TXGHxdYbGy574z5hBu4LNzq9NzjZQ9bhUf,sanctioned,BANK MARKAZI JOMHOURI ISLAMI IRAN,published,ofac,"OFAC SDN uid 4632; programs IRAN,IFSR,IRGC,SDGT; TRX; list of 10/02/2026"
tron,TFQbqaNbmq2xsVor2NbufLkYZvxFC9wC7k,sanctioned,BANK MARKAZI JOMHOURI ISLAMI IRAN,published,ofac,"OFAC SDN uid 4632; programs IRAN,IFSR,IRGC,SDGT; TRX; list of 10/02/2026"
tron,TUoixKFaWVsHxGWgnYyMzpkrT22YqU7VvH,sanctioned,ISIL KHORASAN,published,ofac,"OFAC SDN uid 18647; programs FTO,SDGT; TRX; list of 10/02/2026"
tron,TBtRqkiFzyuwe8nSAGQghxygAfwAF5eERq,sanctioned,ISIL KHORASAN,published,ofac,"OFAC SDN uid 18647; programs FTO,SDGT; TRX; list of 10/02/2026"
tron,TTs7KRq39547ruAsxb9brAPuTLy7h3U6H1,sanctioned,ISIL KHORASAN,published,ofac,"OFAC SDN uid 18647; programs FTO,SDGT; TRX; list of 10/02/2026"
tron,TVttWTHTCU9kULP51m9BaHpmCW8H1BJJNQ,sanctioned,ISIL KHORASAN,published,ofac,"OFAC SDN uid 18647; programs FTO,SDGT; TRX; list of 10/02/2026"
tron,TCqKhk7MpPnGH3UfygE1TRzUo92a5tuVy6,sanctioned,ISIL KHORASAN,published,ofac,"OFAC SDN uid 18647; programs FTO,SDGT; TRX; list of 10/02/2026"
tron,TSbGiFzG9xFXUYgGA6RwbS3jvKNpeA4c3R,sanctioned,ISIL KHORASAN,published,ofac,"OFAC SDN uid 18647; programs FTO,SDGT; TRX; list of 10/02/2026"
tron,TVXHp8bMrpRd5HGy3w1yu9f87qwRrMHFp8,sanctioned,ISIL KHORASAN,published,ofac,"OFAC SDN uid 18647; programs FTO,SDGT; TRX; list of 10/02/2026"
tron,TQ8a74SiDig3EDSC14tosLACWLbvaNYwCJ,sanctioned,ISIL KHORASAN,published,ofac,"OFAC SDN uid 18647; programs FTO,SDGT; TRX; list of 10/02/2026"
tron,TWdqVcA3NyrNv71NgbMwKv3C5XMxj4XjSp,sanctioned,ISIL KHORASAN,published,ofac,"OFAC SDN uid 18647; programs FTO,SDGT; TRX; list of 10/02/2026"
tron,TX1zyMrYZNbtQx7yPZp4adZV5NbToGNrkS,sanctioned,ISIL KHORASAN,published,ofac,"OFAC SDN uid 18647; programs FTO,SDGT; TRX; list of 10/02/2026"
tron,TSSQDgExKUELagzAKTAcoLMviq4SZ1eTFm,sanctioned,ISIL KHORASAN,published,ofac,"OFAC SDN uid 18647; programs FTO,SDGT; TRX; list of 10/02/2026"
tron,TUfq9hfP7qUDMoJbzkjG4GPtNxhZewqk8Z,sanctioned,ISIL KHORASAN,published,ofac,"OFAC SDN uid 18647; programs FTO,SDGT; TRX; list of 10/02/2026"
tron,TCEe3McjK9FWby8YsNmtRDwJt1x2s5dFTL,sanctioned,ISIL KHORASAN,published,ofac,"OFAC SDN uid 18647; programs FTO,SDGT; TRX; list of 10/02/2026"
tron,TBJqexr1FfGxVKhDsKeou6FVLBW1aS1Ny7,sanctioned,ISIL KHORASAN,published,ofac,"OFAC SDN uid 18647; programs FTO,SDGT; TRX; list of 10/02/2026"
tron,TV6cvFEMcfxGsWqgxpBrXZ35MkhdtdhT3G,sanctioned,ISIL KHORASAN,published,ofac,"OFAC SDN uid 18647; programs FTO,SDGT; TRX; list of 10/02/2026"
tron,THfLaNMBAMz7xXnHoz5BkRMmrwuHKqfAfR,sanctioned,ISIL KHORASAN,published,ofac,"OFAC SDN uid 18647; programs FTO,SDGT; TRX; list of 10/02/2026"
tron,TCudJgJ14kk3Ss2PEgsT15frztKpyG7HEh,sanctioned,ISIL KHORASAN,published,ofac,"OFAC SDN uid 18647; programs FTO,SDGT; TRX; list of 10/02/2026"
tron,TCk1g37N3x6PDda63waydNQwqTUzFNpsrR,sanctioned,ISIL KHORASAN,published,ofac,"OFAC SDN uid 18647; programs FTO,SDGT; TRX; list of 10/02/2026"
tron,TU8hJXgHdxWuj4DaaBKQFUwDeB8B5Xacke,sanctioned,ISIL KHORASAN,published,ofac,"OFAC SDN uid 18647; programs FTO,SDGT; TRX; list of 10/02/2026"
tron,TL5WqcFX7XkhVLLwaXrdr57gnjC4stBeSG,sanctioned,ISIL KHORASAN,published,ofac,"OFAC SDN uid 18647; programs FTO,SDGT; TRX; list of 10/02/2026"
tron,TSFCGGbR57b56c4MXdiW5gzpD8j6cmimgo,sanctioned,ISIL KHORASAN,published,ofac,"OFAC SDN uid 18647; programs FTO,SDGT; TRX; list of 10/02/2026"
tron,TXHb3BkGgYmygyS14MJKX8kTcFGT7dXN4r,sanctioned,ISIL KHORASAN,published,ofac,"OFAC SDN uid 18647; programs FTO,SDGT; TRX; list of 10/02/2026"
tron,TN56YaCBymut2xoiRvy3v2qZ2pYgmBAtSo,sanctioned,ISIL KHORASAN,published,ofac,"OFAC SDN uid 18647; programs FTO,SDGT; TRX; list of 10/02/2026"
tron,TPnUDsrLYZg1UXGkpXSmhFEY5J5etfzE9S,sanctioned,ISIL KHORASAN,published,ofac,"OFAC SDN uid 18647; programs FTO,SDGT; TRX; list of 10/02/2026"
tron,TVXP7Aj5KFUPKMQUrsU6F3wUsyiLiUaUje,sanctioned,ISIL KHORASAN,published,ofac,"OFAC SDN uid 18647; programs FTO,SDGT; TRX; list of 10/02/2026"
tron,TDxXXmCELgrb5VwYobDMyTKVTTdY9LjEjx,sanctioned,ISIL KHORASAN,published,ofac,"OFAC SDN uid 18647; programs FTO,SDGT; TRX; list of 10/02/2026"
tron,TXoVNrqm11FFVKcF1vEND64gibVkr1HwAR,sanctioned,ISIL KHORASAN,published,ofac,"OFAC SDN uid 18647; programs FTO,SDGT; TRX; list of 10/02/2026"
tron,TEKeY9i4CcVySJMmhuh2AxZhtgTmugYUMW,sanctioned,ISIL KHORASAN,published,ofac,"OFAC SDN uid 18647; programs FTO,SDGT; TRX; list of 10/02/2026"
tron,TW9mABkenngQyJBqce5khR9fNCBF5gsBFQ,sanctioned,ISIL KHORASAN,published,ofac,"OFAC SDN uid 18647; programs FTO,SDGT; TRX; list of 10/02/2026"
tron,TWumrtaEaPCv8Bs9mXqKkhY5sZVd78QAdS,sanctioned,ISIL KHORASAN,published,ofac,"OFAC SDN uid 18647; programs FTO,SDGT; TRX; list of 10/02/2026"
tron,TD7TXyvmjPfJkfhJuQ58NXA9dX9q81mqAp,sanctioned,ISIL KHORASAN,published,ofac,"OFAC SDN uid 18647; programs FTO,SDGT; TRX; list of 10/02/2026"
tron,TEtLieZwyjJTth7S5EJqUNjtSbM1ui9toK,sanctioned,ISIL KHORASAN,published,ofac,"OFAC SDN uid 18647; programs FTO,SDGT; TRX; list of 10/02/2026"
tron,TS729BUXeZWBhJGPKCdK75q7VU4nhkJkYT,sanctioned,ISIL KHORASAN,published,ofac,"OFAC SDN uid 18647; programs FTO,SDGT; TRX; list of 10/02/2026"
tron,TER8k4zWt3byuHyvyBkLstz3QVUUuBs9pt,sanctioned,ISIL KHORASAN,published,ofac,"OFAC SDN uid 18647; programs FTO,SDGT; TRX; list of 10/02/2026"
tron,TByksCkUtMaYwHCSaetmAGufpeyfdXBrJk,sanctioned,ISIL KHORASAN,published,ofac,"OFAC SDN uid 18647; programs FTO,SDGT; TRX; list of 10/02/2026"
tron,TNmKrdYLPtFwPNWJUjrXdkQw4gSwpszUJd,sanctioned,ISIL KHORASAN,published,ofac,"OFAC SDN uid 18647; programs FTO,SDGT; TRX; list of 10/02/2026"
tron,TTuDmNhu8A6koPJRUd8Q5RnsT1FMfrZnoj,sanctioned,ISIL KHORASAN,published,ofac,"OFAC SDN uid 18647; programs FTO,SDGT; TRX; list of 10/02/2026"
tron,TGLrjZc9c48iMFB4ZmDnSjSRMq27MXPg2k,sanctioned,ISIL KHORASAN,published,ofac,"OFAC SDN uid 18647; programs FTO,SDGT; TRX; list of 10/02/2026"
tron,TVgJTK9qPg7wGTyeTG2MYF8aKMEx883xYU,sanctioned,ISIL KHORASAN,published,ofac,"OFAC SDN uid 18647; programs FTO,SDGT; TRX; list of 10/02/2026"
tron,TPkNp2Z5KiA1sLWpPMWsfNErVo2dHxc4iy,sanctioned,ISIL KHORASAN,published,ofac,"OFAC SDN uid 18647; programs FTO,SDGT; TRX; list of 10/02/2026"
tron,TDSGtCciE9yFKYzDj1kBBc3F7gosguDqwC,sanctioned,ISIL KHORASAN,published,ofac,"OFAC SDN uid 18647; programs FTO,SDGT; TRX; list of 10/02/2026"
tron,TNVbVXAgUT83Sv7E9oZwWutXqzs13sr6xN,sanctioned,ISIL KHORASAN,published,ofac,"OFAC SDN uid 18647; programs FTO,SDGT; TRX; list of 10/02/2026"
tron,TAwNQN5tmzJJ694PPuoFUxQY13quBs8YgA,sanctioned,ISIL KHORASAN,published,ofac,"OFAC SDN uid 18647; programs FTO,SDGT; TRX; list of 10/02/2026"
tron,TGNwKzHjYvYP2SwsrmCYrRRvCRdxQgLq1w,sanctioned,ISIL KHORASAN,published,ofac,"OFAC SDN uid 18647; programs FTO,SDGT; TRX; list of 10/02/2026"
tron,TA3rH2A7iHnm6pKH8gr9cK1EZnShnmZdFg,sanctioned,ISIL KHORASAN,published,ofac,"OFAC SDN uid 18647; programs FTO,SDGT; TRX; list of 10/02/2026"
tron,TLj5ZRvem4DAdbZLTGU3qAbAdLQug57JVo,sanctioned,ISIL KHORASAN,published,ofac,"OFAC SDN uid 18647; programs FTO,SDGT; TRX; list of 10/02/2026"
tron,TMRxAJt87MVYnadWne53AxZFG1FPKGfoGz,sanctioned,ISIL KHORASAN,published,ofac,"OFAC SDN uid 18647; programs FTO,SDGT; TRX; list of 10/02/2026"
tron,TRmrnQiUY1ofMcTQUXvgeauKcZPnmwUeUR,sanctioned,ISIL KHORASAN,published,ofac,"OFAC SDN uid 18647; programs FTO,SDGT; TRX; list of 10/02/2026"
tron,TBKq3SzXigsGhQNzdCYocpt8RzoMh3uxAr,sanctioned,ISIL KHORASAN,published,ofac,"OFAC SDN uid 18647; programs FTO,SDGT; TRX; list of 10/02/2026"
tron,TYAiWf2KhXrGuWxmCPaJgC6zNYwFuKtioi,sanctioned,ISIL KHORASAN,published,ofac,"OFAC SDN uid 18647; programs FTO,SDGT; TRX; list of 10/02/2026"
tron,TYVveapkRkm5RHcDNPU9QnPk8N5RdsS4iY,sanctioned,ISIL KHORASAN,published,ofac,"OFAC SDN uid 18647; programs FTO,SDGT; TRX; list of 10/02/2026"
tron,TK7HUNru8YLMz7vv8kzWRPrE2ZSgZeCaHV,sanctioned,ISIL KHORASAN,published,ofac,"OFAC SDN uid 18647; programs FTO,SDGT; TRX; list of 10/02/2026"
tron,TAyyw6ZoTZexvTcN7WRR9t79JUFgSAvkL8,sanctioned,ISIL KHORASAN,published,ofac,"OFAC SDN uid 18647; programs FTO,SDGT; TRX; list of 10/02/2026"
tron,TJGVHmHVNuU1vsXGGALLoirPwoRZoMUuhg,sanctioned,ISIL KHORASAN,published,ofac,"OFAC SDN uid 18647; programs FTO,SDGT; TRX; list of 10/02/2026"
tron,TB1Bcv3x8mg7PVV4nVM48pgHJKcYboTypU,sanctioned,ISIL KHORASAN,published,ofac,"OFAC SDN uid 18647; programs FTO,SDGT; TRX; list of 10/02/2026"
tron,TWxoDF6qvjMUeTYRimaiARGsJTUnjrzZn3,sanctioned,ISIL KHORASAN,published,ofac,"OFAC SDN uid 18647; programs FTO,SDGT; TRX; list of 10/02/2026"
tron,TCXihiScsAodR942Xq45df9qQAdr5nhkjQ,sanctioned,ISIL KHORASAN,published,ofac,"OFAC SDN uid 18647; programs FTO,SDGT; TRX; list of 10/02/2026"
tron,TDhtVUnmYwWfzWVrnzryr3fbQo8VTvj4ji,sanctioned,ISIL KHORASAN,published,ofac,"OFAC SDN uid 18647; programs FTO,SDGT; TRX; list of 10/02/2026"
tron,TE6VgR7rAuY4kuzCjdSVCZFXPjjzSQYY7X,sanctioned,ISIL KHORASAN,published,ofac,"OFAC SDN uid 18647; programs FTO,SDGT; TRX; list of 10/02/2026"
tron,TV62LkiP1GiNdFCJEdY3xf6GdNLCCi6mfu,sanctioned,ISIL KHORASAN,published,ofac,"OFAC SDN uid 18647; programs FTO,SDGT; TRX; list of 10/02/2026"
tron,TWBqpQLDPCrXgRW1X9yFqR8NFfjyFSq5k4,sanctioned,ISIL KHORASAN,published,ofac,"OFAC SDN uid 18647; programs FTO,SDGT; TRX; list of 10/02/2026"
tron,TQetJ6xMqvv2Fu4ftD9UdBhuaKem5HbMou,sanctioned,ISIL KHORASAN,published,ofac,"OFAC SDN uid 18647; programs FTO,SDGT; TRX; list of 10/02/2026"
tron,TWAfC6htS1FyFv1r3aKENuD8DQGMzBbP8L,sanctioned,ISIL KHORASAN,published,ofac,"OFAC SDN uid 18647; programs FTO,SDGT; TRX; list of 10/02/2026"
tron,TMfDhpUqW5W6HcMPXFaJfaiY271CYa51Hs,sanctioned,ISIL KHORASAN,published,ofac,"OFAC SDN uid 18647; programs FTO,SDGT; TRX; list of 10/02/2026"
tron,TB5J8W166YTUmtpUsy4XnNTKLVtesuE9eV,sanctioned,ISIL KHORASAN,published,ofac,"OFAC SDN uid 18647; programs FTO,SDGT; TRX; list of 10/02/2026"
tron,TSE5NWTJckiN8hJCUzwB3RgsMbdF4uCrmr,sanctioned,ISIL KHORASAN,published,ofac,"OFAC SDN uid 18647; programs FTO,SDGT; TRX; list of 10/02/2026"
tron,TDi9s3GeAtFBbUvGxqXiZnxiaH9QpqjYFn,sanctioned,ISIL KHORASAN,published,ofac,"OFAC SDN uid 18647; programs FTO,SDGT; TRX; list of 10/02/2026"
tron,TCUTmWspsaJb3U5JUs5AhVcGwaftyK1qtp,sanctioned,ISIL KHORASAN,published,ofac,"OFAC SDN uid 18647; programs FTO,SDGT; TRX; list of 10/02/2026"
tron,TYvR9x3Dqx39s9rooaSAHwVwF8psBrcFBV,sanctioned,ISIL KHORASAN,published,ofac,"OFAC SDN uid 18647; programs FTO,SDGT; TRX; list of 10/02/2026"
tron,TUyo1Kfnnjr2iMQdZxLWPX1U8Xiy1Wz5z5,sanctioned,ISIL KHORASAN,published,ofac,"OFAC SDN uid 18647; programs FTO,SDGT; TRX; list of 10/02/2026"
tron,TBhR5MLrTsNZ8FUyKgzdrCjWkYD2orYLdx,sanctioned,ISIL KHORASAN,published,ofac,"OFAC SDN uid 18647; programs FTO,SDGT; TRX; list of 10/02/2026"
tron,THstQuwNidzC4YeJ7uPowf55ZdVZtGcHJ5,sanctioned,ISIL KHORASAN,published,ofac,"OFAC SDN uid 18647; programs FTO,SDGT; TRX; list of 10/02/2026"
tron,TKX6rgpGpGrJWzf1qXUUSNL5cYHQt7Z9rY,sanctioned,ISIL KHORASAN,published,ofac,"OFAC SDN uid 18647; programs FTO,SDGT; TRX; list of 10/02/2026"
tron,TWoRwYzsifrD79DHDpTHC8fq787MvH9Qro,sanctioned,ISIL KHORASAN,published,ofac,"OFAC SDN uid 18647; programs FTO,SDGT; TRX; list of 10/02/2026"
tron,TDHJNJHosn6xNDxMecFZwXyTzE9bYGXp9L,sanctioned,ISIL KHORASAN,published,ofac,"OFAC SDN uid 18647; programs FTO,SDGT; TRX; list of 10/02/2026"
tron,TQVZEuLHacexyJX3nZStaPzxceS63C9bax,sanctioned,ISIL KHORASAN,published,ofac,"OFAC SDN uid 18647; programs FTO,SDGT; TRX; list of 10/02/2026"
tron,TQb6Pc4PmfUdUokLq5ygNioj4PnodNak9b,sanctioned,ISIL KHORASAN,published,ofac,"OFAC SDN uid 18647; programs FTO,SDGT; TRX; list of 10/02/2026"
tron,TR3yiEuFrbBnP8X5DKYFjRxCwbxcYyftD4,sanctioned,ISIL KHORASAN,published,ofac,"OFAC SDN uid 18647; programs FTO,SDGT; TRX; list of 10/02/2026"
tron,TEBHpD6iiAqhyS4w7zZFmD1rrv65a5HVTD,sanctioned,ISIL KHORASAN,published,ofac,"OFAC SDN uid 18647; programs FTO,SDGT; TRX; list of 10/02/2026"
tron,TMocScwSbSn2cqRCHVkzZSEar3Jk5AsXgo,sanctioned,ISIL KHORASAN,published,ofac,"OFAC SDN uid 18647; programs FTO,SDGT; TRX; list of 10/02/2026"
tron,TNKyDgjn2WHZwHhH2Mj5AGMnK4moBX9xQd,sanctioned,ISIL KHORASAN,published,ofac,"OFAC SDN uid 18647; programs FTO,SDGT; TRX; list of 10/02/2026"
tron,TPcwqbJ3ViWMUQMiKfMjDM7VTiCzdRu1cH,sanctioned,ISIL KHORASAN,published,ofac,"OFAC SDN uid 18647; programs FTO,SDGT; TRX; list of 10/02/2026"
tron,TVJ4B5R8c8dS65NtUXpZPMGUpCRq8BQUrC,sanctioned,ISIL KHORASAN,published,ofac,"OFAC SDN uid 18647; programs FTO,SDGT; TRX; list of 10/02/2026"
tron,TAgZxxuvfuKYJY5UPC1DXF8NPHbKtTzEGu,sanctioned,ISIL KHORASAN,published,ofac,"OFAC SDN uid 18647; programs FTO,SDGT; TRX; list of 10/02/2026"
tron,TCyAE8Lxa1rmTThhE5Z3X95PC9rgMrReMX,sanctioned,ISIL KHORASAN,published,ofac,"OFAC SDN uid 18647; programs FTO,SDGT; TRX; list of 10/02/2026"
tron,TSi1d66cgg3cPm9L6c2ZD8K1381XusSjkc,sanctioned,ISIL KHORASAN,published,ofac,"OFAC SDN uid 18647; programs FTO,SDGT; TRX; list of 10/02/2026"
tron,TR83KsDjUKeds62PcAgo7BfhPJPSpMk7Ba,sanctioned,ISIL KHORASAN,published,ofac,"OFAC SDN uid 18647; programs FTO,SDGT; TRX; list of 10/02/2026"
tron,TDX3dFNPvJeA9eVLLNqf1ixr4U2ktcDmoD,sanctioned,ISIL KHORASAN,published,ofac,"OFAC SDN uid 18647; programs FTO,SDGT; TRX; list of 10/02/2026"
tron,TJCUwt9EKeTyzDw42658h8aYxQXScLdCZR,sanctioned,ISIL KHORASAN,published,ofac,"OFAC SDN uid 18647; programs FTO,SDGT; TRX; list of 10/02/2026"
tron,TETfViHWf9ZNB6WJgZBRMB48pTaBFo5Rmd,sanctioned,ISIL KHORASAN,published,ofac,"OFAC SDN uid 18647; programs FTO,SDGT; TRX; list of 10/02/2026"
tron,TBhTMBAaEWiTtMgMdJ97ZmYotgHeY543cc,sanctioned,ISIL KHORASAN,published,ofac,"OFAC SDN uid 18647; programs FTO,SDGT; TRX; list of 10/02/2026"
tron,TFebC149jCDiow1MBphhfpHDLeMAKRNrqJ,sanctioned,ISIL KHORASAN,published,ofac,"OFAC SDN uid 18647; programs FTO,SDGT; TRX; list of 10/02/2026"
tron,TXw4d7BseHBn6sneMUzm4nEdfPVjuJGEH9,sanctioned,ISIL KHORASAN,published,ofac,"OFAC SDN uid 18647; programs FTO,SDGT; TRX; list of 10/02/2026"
tron,TQt3dWHiPdaKioG7nwovoTDUtxfimyuxYa,sanctioned,ISIL KHORASAN,published,ofac,"OFAC SDN uid 18647; programs FTO,SDGT; TRX; list of 10/02/2026"
tron,TE5R3hJ6REap6vh14YAqjXczKrYaiteTy3,sanctioned,ISIL KHORASAN,published,ofac,"OFAC SDN uid 18647; programs FTO,SDGT; TRX; list of 10/02/2026"
tron,TCCryMcQb5A5FSYkmcVy26Nd8J1FWHtfWh,sanctioned,ISIL KHORASAN,published,ofac,"OFAC SDN uid 18647; programs FTO,SDGT; TRX; list of 10/02/2026"
tron,TLC3piEQ5n4tcULKHqLTGhmYFUyHUVSxck,sanctioned,ISIL KHORASAN,published,ofac,"OFAC SDN uid 18647; programs FTO,SDGT; TRX; list of 10/02/2026"
tron,TLDtPq9PQsDuQunME8CSeVdYaLtRdrVgoJ,sanctioned,ISIL KHORASAN,published,ofac,"OFAC SDN uid 18647; programs FTO,SDGT; TRX; list of 10/02/2026"
tron,TRqbVMHWck3j2vKzA16L69v3cwuoyQSY8L,sanctioned,ISIL KHORASAN,published,ofac,"OFAC SDN uid 18647; programs FTO,SDGT; TRX; list of 10/02/2026"
tron,TA82wQ77kb9DieW4C8q7C4KwMfnCzfziqN,sanctioned,ISIL KHORASAN,published,ofac,"OFAC SDN uid 18647; programs FTO,SDGT; TRX; list of 10/02/2026"
tron,TUcjuVB6RFvsMgE352Kdc3VHvFvteti97B,sanctioned,ISIL KHORASAN,published,ofac,"OFAC SDN uid 18647; programs FTO,SDGT; TRX; list of 10/02/2026"
tron,TBfVDwNS6hC2Ln2qTLTRKMMPddscFEhhrU,sanctioned,ISIL KHORASAN,published,ofac,"OFAC SDN uid 18647; programs FTO,SDGT; TRX; list of 10/02/2026"
tron,TC7vaJsxZteEEnnm2EFm9BRSZvezvsuA86,sanctioned,ISIL KHORASAN,published,ofac,"OFAC SDN uid 18647; programs FTO,SDGT; TRX; list of 10/02/2026"
tron,TRWDtgCfXzTcMv8W6iJxh6umeqeF3zG7n5,sanctioned,ISIL KHORASAN,published,ofac,"OFAC SDN uid 18647; programs FTO,SDGT; TRX; list of 10/02/2026"
tron,TUa7BcRjT3eT7kPyNWPvHQkz4qF9v68D7A,sanctioned,ISIL KHORASAN,published,ofac,"OFAC SDN uid 18647; programs FTO,SDGT; TRX; list of 10/02/2026"
tron,TNHNySUf8LMzhzSiQnHCXCbgatscQbM4ZQ,sanctioned,ISIL KHORASAN,published,ofac,"OFAC SDN uid 18647; programs FTO,SDGT; TRX; list of 10/02/2026"
tron,TNzvDTvcQTaY9jFrv85JnqibnGcudePj1z,sanctioned,ISIL KHORASAN,published,ofac,"OFAC SDN uid 18647; programs FTO,SDGT; TRX; list of 10/02/2026"
tron,TUcNB6c22JmcwXbbbuv9HVPeVqv5HSiTwQ,sanctioned,ISIL KHORASAN,published,ofac,"OFAC SDN uid 18647; programs FTO,SDGT; TRX; list of 10/02/2026"
tron,TVUS1CVQnnzoJG8PBWkcWyf7DkLrS8yh5Z,sanctioned,ISIL KHORASAN,published,ofac,"OFAC SDN uid 18647; programs FTO,SDGT; TRX; list of 10/02/2026"
tron,TXR1nhqAek4c5Dq9EfjQLarcBWR9Jp6N7m,sanctioned,ISIL KHORASAN,published,ofac,"OFAC SDN uid 18647; programs FTO,SDGT; TRX; list of 10/02/2026"
tron,TFS2LHNcrffdAVRHpDUpNvnmCHs78cSNbz,sanctioned,ISIL KHORASAN,published,ofac,"OFAC SDN uid 18647; programs FTO,SDGT; TRX; list of 10/02/2026"
tron,TPTFrDhx5tntyp5mRX423DaAe8aLDMUs31,sanctioned,ISIL KHORASAN,published,ofac,"OFAC SDN uid 18647; programs FTO,SDGT; TRX; list of 10/02/2026"
tron,TCn9wM828B1GtsVn8kUaCvoE3RpfCAmtEB,sanctioned,ISIL KHORASAN,published,ofac,"OFAC SDN uid 18647; programs FTO,SDGT; TRX; list of 10/02/2026"
tron,TFtz6Ae6NNo9VvhnVrj6V1RyEFMtZQMh3r,sanctioned,ISIL KHORASAN,published,ofac,"OFAC SDN uid 18647; programs FTO,SDGT; TRX; list of 10/02/2026"
tron,TMoMat6oyJLKxSb6SfQWBWc7q5PSm3Gr6U,sanctioned,ISIL KHORASAN,published,ofac,"OFAC SDN uid 18647; programs FTO,SDGT; TRX; list of 10/02/2026"
tron,TNsMJKvAtqiWntAnrcS8jkugL37FGzoqss,sanctioned,ISIL KHORASAN,published,ofac,"OFAC SDN uid 18647; programs FTO,SDGT; TRX; list of 10/02/2026"
tron,TPCnxv28xNbvtAaEppddvnfkjQpaFeAkV3,sanctioned,ISIL KHORASAN,published,ofac,"OFAC SDN uid 18647; programs FTO,SDGT; TRX; list of 10/02/2026"
tron,TDXBEozXRJy7eBYNCoqrDMRCx5QBN4jCCt,sanctioned,ISIL KHORASAN,published,ofac,"OFAC SDN uid 18647; programs FTO,SDGT; TRX; list of 10/02/2026"
tron,TTrJwfL8SCSWBXWAPcZV8Pd5fZf1rznRhz,sanctioned,ISIL KHORASAN,published,ofac,"OFAC SDN uid 18647; programs FTO,SDGT; TRX; list of 10/02/2026"
tron,TFqo5f16FJfSKesPxtGN4VN5HNZJebqMQX,sanctioned,ISIL KHORASAN,published,ofac,"OFAC SDN uid 18647; programs FTO,SDGT; TRX; list of 10/02/2026"
tron,TPwjq8YuABThppKM5ppsuagBFwDhzpnY11,sanctioned,ISIL KHORASAN,published,ofac,"OFAC SDN uid 18647; programs FTO,SDGT; TRX; list of 10/02/2026"
tron,TXgm2Pej4dHzh6oAJvaxAVFDevgGJqfSKr,sanctioned,ISIL KHORASAN,published,ofac,"OFAC SDN uid 18647; programs FTO,SDGT; TRX; list of 10/02/2026"
tron,TUErmQ9GtRDGC4g4L5wjWS55Ju5hYfR3sa,sanctioned,ISIL KHORASAN,published,ofac,"OFAC SDN uid 18647; programs FTO,SDGT; TRX; list of 10/02/2026"
tron,THPfLwEGvHVgRzi7EMnviAFy5WG1feDH1p,sanctioned,ISIL KHORASAN,published,ofac,"OFAC SDN uid 18647; programs FTO,SDGT; TRX; list of 10/02/2026"
tron,TPH1ehJuNY8cRuJgWTXoGuzkVpK5ckueLF,sanctioned,ISIL KHORASAN,published,ofac,"OFAC SDN uid 18647; programs FTO,SDGT; TRX; list of 10/02/2026"
tron,TRZvMk2D4fmjGjtuZHRVpgw6yjk8NcjsHV,sanctioned,ISIL KHORASAN,published,ofac,"OFAC SDN uid 18647; programs FTO,SDGT; TRX; list of 10/02/2026"
tron,TMuBvwcgrTj6JysMmutXWaPjk1kREK2BDe,sanctioned,ISIL KHORASAN,published,ofac,"OFAC SDN uid 18647; programs FTO,SDGT; TRX; list of 10/02/2026"
tron,TE5paMkU1hPr8BdjkSJLvEyUBxjKKSx1H6,sanctioned,ISIL KHORASAN,published,ofac,"OFAC SDN uid 18647; programs FTO,SDGT; TRX; list of 10/02/2026"
tron,TBmqXsFNYTMkyw9jVGBAecGaLyLwbxFTM1,sanctioned,ISIL KHORASAN,published,ofac,"OFAC SDN uid 18647; programs FTO,SDGT; TRX; list of 10/02/2026"
tron,TFh7Z4qmdiT7opAYYLmNVXQJtVCkAtg7Zh,sanctioned,ISIL KHORASAN,published,ofac,"OFAC SDN uid 18647; programs FTO,SDGT; TRX; list of 10/02/2026"
tron,TLFqEhiG7RUSZ9x5iph99Ke5782dkgRnWf,sanctioned,ISIL KHORASAN,published,ofac,"OFAC SDN uid 18647; programs FTO,SDGT; TRX; list of 10/02/2026"
tron,TA3941uFAvmVibSkQ6fMJXxmaSNovX86mz,sanctioned,CHEIL CREDIT BANK,published,ofac,OFAC SDN uid 22985; programs DPRK4; USDT; list of 10/02/2026
tron,TA39q3p75XRSWYAEaSF7dANtyksoa3sLge,sanctioned,CHEIL CREDIT BANK,published,ofac,OFAC SDN uid 22985; programs DPRK4; USDT; list of 10/02/2026
tron,TBATDh41qMQ1yeVYecneEvhpfayYmkAQWS,sanctioned,CHEIL CREDIT BANK,published,ofac,OFAC SDN uid 22985; programs DPRK4; USDT; list of 10/02/2026
tron,TBwghbQMsBC5xcUxE7ZpYXhfDMXZAfiFv6,sanctioned,CHEIL CREDIT BANK,published,ofac,OFAC SDN uid 22985; programs DPRK4; USDT; list of 10/02/2026
tron,TBWRDpQsW1ZVPGGaBAwVLNb7iqmVBuM1nj,sanctioned,CHEIL CREDIT BANK,published,ofac,OFAC SDN uid 22985; programs DPRK4; USDT; list of 10/02/2026
tron,TBYRhsZR7Mdn9ezpGVLwZiNVnGm8wZGLAD,sanctioned,CHEIL CREDIT BANK,published,ofac,OFAC SDN uid 22985; programs DPRK4; USDT; list of 10/02/2026
tron,TBZefVsyQpzzxc2WSCLbZBECvxVdzGqdtC,sanctioned,CHEIL CREDIT BANK,published,ofac,OFAC SDN uid 22985; programs DPRK4; USDT; list of 10/02/2026
tron,TC5UNu3LGrjjVCuLNDdVgjm4oL5cQAyFRZ,sanctioned,CHEIL CREDIT BANK,published,ofac,OFAC SDN uid 22985; programs DPRK4; USDT; list of 10/02/2026
tron,TCA7AfTSuDmgYk2VaezfPuZF4Z4X8wxwcQ,sanctioned,CHEIL CREDIT BANK,published,ofac,OFAC SDN uid 22985; programs DPRK4; USDT; list of 10/02/2026
tron,TDNKsLvsY2iSznyghddXz7ZDRc4X3191Z8,sanctioned,CHEIL CREDIT BANK,published,ofac,OFAC SDN uid 22985; programs DPRK4; USDT; list of 10/02/2026
tron,TE3mCcPULjPUE7ykX7RArDPAhyahoy3d2j,sanctioned,CHEIL CREDIT BANK,published,ofac,OFAC SDN uid 22985; programs DPRK4; USDT; list of 10/02/2026
tron,TF4J8Gp7zbS8NA3HLuxsLdx7Ebzr6weCGn,sanctioned,CHEIL CREDIT BANK,published,ofac,OFAC SDN uid 22985; programs DPRK4; USDT; list of 10/02/2026
tron,TFdHux43bs21qRsygv5WQWfgtbQeT6nXey,sanctioned,CHEIL CREDIT BANK,published,ofac,OFAC SDN uid 22985; programs DPRK4; USDT; list of 10/02/2026
tron,TFrH3dcpnR3tADrAcfyJwiK4brsgf3B7PG,sanctioned,CHEIL CREDIT BANK,published,ofac,OFAC SDN uid 22985; programs DPRK4; USDT; list of 10/02/2026
tron,TFurWgnyNMq9bhLrLoT9FGnrLfAL2BtR5R,sanctioned,CHEIL CREDIT BANK,published,ofac,OFAC SDN uid 22985; programs DPRK4; USDT; list of 10/02/2026
tron,TGDaYNWFXi9HJ7NacfETF15vhUH7eRhKzt,sanctioned,CHEIL CREDIT BANK,published,ofac,OFAC SDN uid 22985; programs DPRK4; USDT; list of 10/02/2026
tron,TGdpkwNVFjw2DnbHBCFKLvCygPVPz9w4iM,sanctioned,CHEIL CREDIT BANK,published,ofac,OFAC SDN uid 22985; programs DPRK4; USDT; list of 10/02/2026
tron,TGKgLatirRpTugS6wgCUKerjLbzWKXAVqx,sanctioned,CHEIL CREDIT BANK,published,ofac,OFAC SDN uid 22985; programs DPRK4; USDT; list of 10/02/2026
tron,TGMFaAXH15oaW8MpcNHLid6NbMKWaaNPdC,sanctioned,CHEIL CREDIT BANK,published,ofac,OFAC SDN uid 22985; programs DPRK4; USDT; list of 10/02/2026
tron,TGpNzk9noyvCCdnFPuSg5cqptPs16LjXZq,sanctioned,CHEIL CREDIT BANK,published,ofac,OFAC SDN uid 22985; programs DPRK4; USDT; list of 10/02/2026
tron,TGRZZsD8gxahF5oE6C7K8LLRHqQzoPa5bX,sanctioned,CHEIL CREDIT BANK,published,ofac,OFAC SDN uid 22985; programs DPRK4; USDT; list of 10/02/2026
tron,THEQTsqPhRDDfgcfBW5npH5Lr9PZhpthrf,sanctioned,CHEIL CREDIT BANK,published,ofac,OFAC SDN uid 22985; programs DPRK4; USDT; list of 10/02/2026
tron,THHb5iMAbZgQYY19h6uY66y5xt6e11gcZC,sanctioned,CHEIL CREDIT BANK,published,ofac,OFAC SDN uid 22985; programs DPRK4; USDT; list of 10/02/2026
tron,THob8vRrpDybXeqZDj8ukQhMjJVJ5nCbTW,sanctioned,CHEIL CREDIT BANK,published,ofac,OFAC SDN uid 22985; programs DPRK4; USDT; list of 10/02/2026
tron,THUqqeevBQS3EYordDJKwp8DLFknesnfCD,sanctioned,CHEIL CREDIT BANK,published,ofac,OFAC SDN uid 22985; programs DPRK4; USDT; list of 10/02/2026
tron,TJ812KESWjzJZGEWBPFCu74Js5zQS7jN5A,sanctioned,CHEIL CREDIT BANK,published,ofac,OFAC SDN uid 22985; programs DPRK4; USDT; list of 10/02/2026
tron,TJBg9SxwiUUoqJGk18vK9avxkuV8GrKMK7,sanctioned,CHEIL CREDIT BANK,published,ofac,OFAC SDN uid 22985; programs DPRK4; USDT; list of 10/02/2026
tron,TLRMHPjLGXsVpD9RVzSfat6zDiVDrd4b4w,sanctioned,CHEIL CREDIT BANK,published,ofac,OFAC SDN uid 22985; programs DPRK4; USDT; list of 10/02/2026
tron,TMECKT19hfumcK3KqQKbhxkn1ohyeR58xu,sanctioned,CHEIL CREDIT BANK,published,ofac,OFAC SDN uid 22985; programs DPRK4; USDT; list of 10/02/2026
tron,TMgnRWb9xFMtktny9Lzty21QYLLQD93ft6,sanctioned,CHEIL CREDIT BANK,published,ofac,OFAC SDN uid 22985; programs DPRK4; USDT; list of 10/02/2026
tron,TMiSGhXXVsvJzqwGbwAsGiFxWg2eALZoM5,sanctioned,CHEIL CREDIT BANK,published,ofac,OFAC SDN uid 22985; programs DPRK4; USDT; list of 10/02/2026
tron,TPcUZYthDfxNsHQnZZGBM1BDNBeNSjfPZE,sanctioned,CHEIL CREDIT BANK,published,ofac,OFAC SDN uid 22985; programs DPRK4; USDT; list of 10/02/2026
tron,TPF9UQhqpV18BPWg5xo6MeB3h8t4iEg9gP,sanctioned,CHEIL CREDIT BANK,published,ofac,OFAC SDN uid 22985; programs DPRK4; USDT; list of 10/02/2026
tron,TPo3JyryRcQ3uhBWexeYhtkpMitsUwY4uB,sanctioned,CHEIL CREDIT BANK,published,ofac,OFAC SDN uid 22985; programs DPRK4; USDT; list of 10/02/2026
tron,TPPR7e8hGC57dexrE2jy1f94wtuGyVP6Dp,sanctioned,CHEIL CREDIT BANK,published,ofac,OFAC SDN uid 22985; programs DPRK4; USDT; list of 10/02/2026
tron,TQKQ4ntejdYYJpuYkFz8oCSDoXW6RKRDdY,sanctioned,CHEIL CREDIT BANK,published,ofac,OFAC SDN uid 22985; programs DPRK4; USDT; list of 10/02/2026
tron,TQthYM5nLqwAEr6DScC8tRtw29ncEB53mK,sanctioned,CHEIL CREDIT BANK,published,ofac,OFAC SDN uid 22985; programs DPRK4; USDT; list of 10/02/2026
tron,TR18rEj7gWjKBJLYrowyfnvjWLTTsXGngK,sanctioned,CHEIL CREDIT BANK,published,ofac,OFAC SDN uid 22985; programs DPRK4; USDT; list of 10/02/2026
tron,TRkGqvaobVp4XDNmSceRo5hDcJYDTFmYjd,sanctioned,CHEIL CREDIT BANK,published,ofac,OFAC SDN uid 22985; programs DPRK4; USDT; list of 10/02/2026
tron,TTct1DezYvriNWU7Wi3mygLoskkaw61mra,sanctioned,CHEIL CREDIT BANK,published,ofac,OFAC SDN uid 22985; programs DPRK4; USDT; list of 10/02/2026
tron,TTUqoT6EAmiM1xLvwVwxhjvjaoEUGtKDdZ,sanctioned,CHEIL CREDIT BANK,published,ofac,OFAC SDN uid 22985; programs DPRK4; USDT; list of 10/02/2026
tron,TTzMs5AR66jr9mQMkWfCHVwd3AiLLYPepQ,sanctioned,CHEIL CREDIT BANK,published,ofac,OFAC SDN uid 22985; programs DPRK4; USDT; list of 10/02/2026
tron,TUKsuPVb8kgJVFp5x528KC5HisUVdzxami,sanctioned,CHEIL CREDIT BANK,published,ofac,OFAC SDN uid 22985; programs DPRK4; USDT; list of 10/02/2026
tron,TVDsEFm19zLV8HeXdt6G75rLroxnp6uqpV,sanctioned,CHEIL CREDIT BANK,published,ofac,OFAC SDN uid 22985; programs DPRK4; USDT; list of 10/02/2026
tron,TVu2SiQrWSnfwk8quAeDxfiaLy6FHzYkMA,sanctioned,CHEIL CREDIT BANK,published,ofac,OFAC SDN uid 22985; programs DPRK4; USDT; list of 10/02/2026
tron,TVyiDQ25H6Rx6PcNV1WyjGasGSa8ehj1Uv,sanctioned,CHEIL CREDIT BANK,published,ofac,OFAC SDN uid 22985; programs DPRK4; USDT; list of 10/02/2026
tron,TW3RgbhYkFEFnmRJ9mE9b83T9XYSMkjwuD,sanctioned,CHEIL CREDIT BANK,published,ofac,OFAC SDN uid 22985; programs DPRK4; USDT; list of 10/02/2026
tron,TWwv8FQiES3yHGig7y3zJWYuPaZfSV3vmY,sanctioned,CHEIL CREDIT BANK,published,ofac,OFAC SDN uid 22985; programs DPRK4; USDT; list of 10/02/2026
tron,TXc4kRiMEcdXRxWpSKkD5qKaARExN4uxPq,sanctioned,CHEIL CREDIT BANK,published,ofac,OFAC SDN uid 22985; programs DPRK4; USDT; list of 10/02/2026
tron,TXFUYHVJMDyKikutvCG6qNgTUS5pxtZhHs,sanctioned,CHEIL CREDIT BANK,published,ofac,OFAC SDN uid 22985; programs DPRK4; USDT; list of 10/02/2026
tron,TYD6a4PAAfAgegEdDf9oZUnW4DFmS8jeFT,sanctioned,CHEIL CREDIT BANK,published,ofac,OFAC SDN uid 22985; programs DPRK4; USDT; list of 10/02/2026
tron,TYK29mbyvVxLaLUKdFSTRADMwoxaVbVZQg,sanctioned,CHEIL CREDIT BANK,published,ofac,OFAC SDN uid 22985; programs DPRK4; USDT; list of 10/02/2026
tron,TYxwUhoLPF7AgfG9GaXFEp8CQi8K8KG1m3,sanctioned,CHEIL CREDIT BANK,published,ofac,OFAC SDN uid 22985; programs DPRK4; USDT; list of 10/02/2026
tron,TAbbVaBKgH4VBLXgWqACuwoKF4cH1HinQh,sanctioned,Behzad MESRI,published,ofac,"OFAC SDN uid 24003; programs CYBER2,HRIT-IR; TRX; list of 10/02/2026"
tron,TEsxMcVocweTM82Mdmc5diKC6qyCWqSpPv,sanctioned,Behzad MESRI,published,ofac,"OFAC SDN uid 24003; programs CYBER2,HRIT-IR; TRX; list of 10/02/2026"
bitcoin,12aNKp2iDKuhEde2YfPdd4DFGenRUTKupL,sanctioned,Behzad MESRI,published,ofac,"OFAC SDN uid 24003; programs CYBER2,HRIT-IR; XBT; list of 10/02/2026"
ethereum,0x252a8bd2319d8a555b872990601221b3a2053bce,sanctioned,Behzad MESRI,published,ofac,"OFAC SDN uid 24003; programs CYBER2,HRIT-IR; ETH; list of 10/02/2026"
polygon,0x252a8bd2319d8a555b872990601221b3a2053bce,sanctioned,Behzad MESRI,published,ofac,"OFAC SDN uid 24003; programs CYBER2,HRIT-IR; ETH; list of 10/02/2026"
bsc,0x252a8bd2319d8a555b872990601221b3a2053bce,sanctioned,Behzad MESRI,published,ofac,"OFAC SDN uid 24003; programs CYBER2,HRIT-IR; ETH; list of 10/02/2026"
ethereum,0x1cab8177ace78b1b6b1c393371f4f2dcae40cbeb,sanctioned,Behzad MESRI,published,ofac,"OFAC SDN uid 24003; programs CYBER2,HRIT-IR; ETH; list of 10/02/2026"
polygon,0x1cab8177ace78b1b6b1c393371f4f2dcae40cbeb,sanctioned,Behzad MESRI,published,ofac,"OFAC SDN uid 24003; programs CYBER2,HRIT-IR; ETH; list of 10/02/2026"
bsc,0x1cab8177ace78b1b6b1c393371f4f2dcae40cbeb,sanctioned,Behzad MESRI,published,ofac,"OFAC SDN uid 24003; programs CYBER2,HRIT-IR; ETH; list of 10/02/2026"
ethereum,0x6fac4d18c912343bf86fa7049364dd4e424ab9c0,sanctioned,Behzad MESRI,published,ofac,"OFAC SDN uid 24003; programs CYBER2,HRIT-IR; ETH; list of 10/02/2026"
polygon,0x6fac4d18c912343bf86fa7049364dd4e424ab9c0,sanctioned,Behzad MESRI,published,ofac,"OFAC SDN uid 24003; programs CYBER2,HRIT-IR; ETH; list of 10/02/2026"
bsc,0x6fac4d18c912343bf86fa7049364dd4e424ab9c0,sanctioned,Behzad MESRI,published,ofac,"OFAC SDN uid 24003; programs CYBER2,HRIT-IR; ETH; list of 10/02/2026"
ethereum,0xa40cfbfc8534ffc84e20a7d8bbc3729b26a35f6f,sanctioned,Behzad MESRI,published,ofac,"OFAC SDN uid 24003; programs CYBER2,HRIT-IR; ETH; list of 10/02/2026"
polygon,0xa40cfbfc8534ffc84e20a7d8bbc3729b26a35f6f,sanctioned,Behzad MESRI,published,ofac,"OFAC SDN uid 24003; programs CYBER2,HRIT-IR; ETH; list of 10/02/2026"
bsc,0xa40cfbfc8534ffc84e20a7d8bbc3729b26a35f6f,sanctioned,Behzad MESRI,published,ofac,"OFAC SDN uid 24003; programs CYBER2,HRIT-IR; ETH; list of 10/02/2026"
ethereum,0x7f03679b56d8772530efa516b58bb83d4829e881,sanctioned,Behzad MESRI,published,ofac,"OFAC SDN uid 24003; programs CYBER2,HRIT-IR; ETH; list of 10/02/2026"
polygon,0x7f03679b56d8772530efa516b58bb83d4829e881,sanctioned,Behzad MESRI,published,ofac,"OFAC SDN uid 24003; programs CYBER2,HRIT-IR; ETH; list of 10/02/2026"
bsc,0x7f03679b56d8772530efa516b58bb83d4829e881,sanctioned,Behzad MESRI,published,ofac,"OFAC SDN uid 24003; programs CYBER2,HRIT-IR; ETH; list of 10/02/2026"
ethereum,0x8ac5381fcd9e7395d14e02986c344aada84b4bc6,sanctioned,Behzad MESRI,published,ofac,"OFAC SDN uid 24003; programs CYBER2,HRIT-IR; ETH; list of 10/02/2026"
polygon,0x8ac5381fcd9e7395d14e02986c344aada84b4bc6,sanctioned,Behzad MESRI,published,ofac,"OFAC SDN uid 24003; programs CYBER2,HRIT-IR; ETH; list of 10/02/2026"
bsc,0x8ac5381fcd9e7395d14e02986c344aada84b4bc6,sanctioned,Behzad MESRI,published,ofac,"OFAC SDN uid 24003; programs CYBER2,HRIT-IR; ETH; list of 10/02/2026"
ethereum,0x9697749a9e8d6c119d8eeb0d6268a1b99c40684c,sanctioned,Behzad MESRI,published,ofac,"OFAC SDN uid 24003; programs CYBER2,HRIT-IR; ETH; list of 10/02/2026"
polygon,0x9697749a9e8d6c119d8eeb0d6268a1b99c40684c,sanctioned,Behzad MESRI,published,ofac,"OFAC SDN uid 24003; programs CYBER2,HRIT-IR; ETH; list of 10/02/2026"
bsc,0x9697749a9e8d6c119d8eeb0d6268a1b99c40684c,sanctioned,Behzad MESRI,published,ofac,"OFAC SDN uid 24003; programs CYBER2,HRIT-IR; ETH; list of 10/02/2026"
ethereum,0x9dd7fa4b4950154f7e75bdd8a77266b99b94ec08,sanctioned,Behzad MESRI,published,ofac,"OFAC SDN uid 24003; programs CYBER2,HRIT-IR; ETH; list of 10/02/2026"
polygon,0x9dd7fa4b4950154f7e75bdd8a77266b99b94ec08,sanctioned,Behzad MESRI,published,ofac,"OFAC SDN uid 24003; programs CYBER2,HRIT-IR; ETH; list of 10/02/2026"
bsc,0x9dd7fa4b4950154f7e75bdd8a77266b99b94ec08,sanctioned,Behzad MESRI,published,ofac,"OFAC SDN uid 24003; programs CYBER2,HRIT-IR; ETH; list of 10/02/2026"
ethereum,0xb5a69da691670f62510793f79a9b36c7db1a7b7c,sanctioned,Behzad MESRI,published,ofac,"OFAC SDN uid 24003; programs CYBER2,HRIT-IR; ETH; list of 10/02/2026"
polygon,0xb5a69da691670f62510793f79a9b36c7db1a7b7c,sanctioned,Behzad MESRI,published,ofac,"OFAC SDN uid 24003; programs CYBER2,HRIT-IR; ETH; list of 10/02/2026"
bsc,0xb5a69da691670f62510793f79a9b36c7db1a7b7c,sanctioned,Behzad MESRI,published,ofac,"OFAC SDN uid 24003; programs CYBER2,HRIT-IR; ETH; list of 10/02/2026"
ethereum,0x6b0736fed0634e15e19cc57fba19cd179c13abca,sanctioned,Behzad MESRI,published,ofac,"OFAC SDN uid 24003; programs CYBER2,HRIT-IR; ETH; list of 10/02/2026"
polygon,0x6b0736fed0634e15e19cc57fba19cd179c13abca,sanctioned,Behzad MESRI,published,ofac,"OFAC SDN uid 24003; programs CYBER2,HRIT-IR; ETH; list of 10/02/2026"
bsc,0x6b0736fed0634e15e19cc57fba19cd179c13abca,sanctioned,Behzad MESRI,published,ofac,"OFAC SDN uid 24003; programs CYBER2,HRIT-IR; ETH; list of 10/02/2026"
ethereum,0xd81414abc631c6cadae1c6198b0c2b15a9b4fde5,sanctioned,Behzad MESRI,published,ofac,"OFAC SDN uid 24003; programs CYBER2,HRIT-IR; ETH; list of 10/02/2026"
polygon,0xd81414abc631c6cadae1c6198b0c2b15a9b4fde5,sanctioned,Behzad MESRI,published,ofac,"OFAC SDN uid 24003; programs CYBER2,HRIT-IR; ETH; list of 10/02/2026"
bsc,0xd81414abc631c6cadae1c6198b0c2b15a9b4fde5,sanctioned,Behzad MESRI,published,ofac,"OFAC SDN uid 24003; programs CYBER2,HRIT-IR; ETH; list of 10/02/2026"
ethereum,0xf45ecc3a59c7911181c659ce9115854c6175be91,sanctioned,Behzad MESRI,published,ofac,"OFAC SDN uid 24003; programs CYBER2,HRIT-IR; ETH; list of 10/02/2026"
polygon,0xf45ecc3a59c7911181c659ce9115854c6175be91,sanctioned,Behzad MESRI,published,ofac,"OFAC SDN uid 24003; programs CYBER2,HRIT-IR; ETH; list of 10/02/2026"
bsc,0xf45ecc3a59c7911181c659ce9115854c6175be91,sanctioned,Behzad MESRI,published,ofac,"OFAC SDN uid 24003; programs CYBER2,HRIT-IR; ETH; list of 10/02/2026"
bitcoin,12QtD5BFwRsdNsAZY76UVE1xyCGNTojH9h,sanctioned,Xiaobing YAN,published,ofac,OFAC SDN uid 25308; programs SDNTK; XBT; list of 10/02/2026
bitcoin,1Kuf2Rd8mDyAViwBozGTNYnvWL8uYFrkVo,sanctioned,Xiaobing YAN,published,ofac,OFAC SDN uid 25308; programs SDNTK; XBT; list of 10/02/2026
bitcoin,13f59kUM5FU8MfTG7DCEugYarDhSD7XCoC,sanctioned,Xiaobing YAN,published,ofac,OFAC SDN uid 25308; programs SDNTK; XBT; list of 10/02/2026
bitcoin,1P3ZfGFLezzYGg9k5SVzQmnjyh7nrUmF2y,sanctioned,Xiaobing YAN,published,ofac,OFAC SDN uid 25308; programs SDNTK; XBT; list of 10/02/2026
bitcoin,1EpMiZkQVekM5ij12nMiEwttFPcDK9XhX6,sanctioned,Xiaobing YAN,published,ofac,OFAC SDN uid 25308; programs SDNTK; XBT; list of 10/02/2026
bitcoin,1JREJdZupiFhE7ZzQPtASuMCvvpXC7wRsC,sanctioned,Xiaobing YAN,published,ofac,OFAC SDN uid 25308; programs SDNTK; XBT; list of 10/02/2026
bitcoin,149w62rY42aZBox8fGcmqNsXUzSStKeq8C,sanctioned,Ali KHORASHADIZADEH,published,ofac,OFAC SDN uid 26137; programs CYBER2; XBT; list of 10/02/2026
bitcoin,1AjZPMsnmpdK2Rv9KQNfMurTXinscVro9V,sanctioned,Mohammad GHORBANIYAN,published,ofac,OFAC SDN uid 26138; programs CYBER2; XBT; list of 10/02/2026
bitcoin,17ezuJoT3XBbdcwFZbkTnrXbup11F4uhiy,sanctioned,Fujing ZHENG,published,ofac,OFAC SDN uid 26236; programs SDNTK; XBT; list of 10/02/2026
bitcoin,1DH2xDH7TngrDU6LXciprKCBKNcPA1xX8A,sanctioned,Fujing ZHENG,published,ofac,OFAC SDN uid 26236; programs SDNTK; XBT; list of 10/02/2026
bitcoin,33Kja69SQVc8kozpoP7Qw6HFtGxHkiWzTz,sanctioned,Guanghua ZHENG,published,ofac,OFAC SDN uid 26323; programs SDNTK; XBT; list of 10/02/2026
bitcoin,3MkUNScqf21EcfWq6T4x2MFgBeSTqhB5t6,sanctioned,Guanghua ZHENG,published,ofac,OFAC SDN uid 26323; programs SDNTK; XBT; list of 10/02/2026
bitcoin,18uKfaUjgG52rVeXEi3wxnveww7zZuECtE,sanctioned,Guanghua ZHENG,published,ofac,OFAC SDN uid 26323; programs SDNTK; XBT; list of 10/02/2026
ethereum,0x098b716b8aaf21512996dc57eb0615e2383e2f96,sanctioned,LAZARUS GROUP,published,ofac,OFAC SDN uid 27307; programs DPRK3; ETH; list of 10/02/2026
polygon,0x098b716b8aaf21512996dc57eb0615e2383e2f96,sanctioned,LAZARUS GROUP,published,ofac,OFAC SDN uid 27307; programs DPRK3; ETH; list of 10/02/2026
bsc,0x098b716b8aaf21512996dc57eb0615e2383e2f96,sanctioned,LAZARUS GROUP,published,ofac,OFAC SDN uid 27307; programs DPRK3; ETH; list of 10/02/2026
ethereum,0xa0e1c89ef1a489c9c7de96311ed5ce5d32c20e4b,sanctioned,LAZARUS GROUP,published,ofac,OFAC SDN uid 27307; programs DPRK3; ETH; list of 10/02/2026
polygon,0xa0e1c89ef1a489c9c7de96311ed5ce5d32c20e4b,sanctioned,LAZARUS GROUP,published,ofac,OFAC SDN uid 27307; programs DPRK3; ETH; list of 10/02/2026
bsc,0xa0e1c89ef1a489c9c7de96311ed5ce5d32c20e4b,sanctioned,LAZARUS GROUP,published,ofac,OFAC SDN uid 27307; programs DPRK3; ETH; list of 10/02/2026
ethereum,0x3cffd56b47b7b41c56258d9c7731abadc360e073,sanctioned,LAZARUS GROUP,published,ofac,OFAC SDN uid 27307; programs DPRK3; ETH; list of 10/02/2026
polygon,0x3cffd56b47b7b41c56258d9c7731abadc360e073,sanctioned,LAZARUS GROUP,published,ofac,OFAC SDN uid 27307; programs DPRK3; ETH; list of 10/02/2026
bsc,0x3cffd56b47b7b41c56258d9c7731abadc360e073,sanctioned,LAZARUS GROUP,published,ofac,OFAC SDN uid 27307; programs DPRK3; ETH; list of 10/02/2026
ethereum,0x53b6936513e738f44fb50d2b9476730c0ab3bfc1,sanctioned,LAZARUS GROUP,published,ofac,OFAC SDN uid 27307; programs DPRK3; ETH; list of 10/02/2026
polygon,0x53b6936513e738f44fb50d2b9476730c0ab3bfc1,sanctioned,LAZARUS GROUP,published,ofac,OFAC SDN uid 27307; programs DPRK3; ETH; list of 10/02/2026
bsc,0x53b6936513e738f44fb50d2b9476730c0ab3bfc1,sanctioned,LAZARUS GROUP,published,ofac,OFAC SDN uid 27307; programs DPRK3; ETH; list of 10/02/2026
ethereum,0x35fb6f6db4fb05e6a4ce86f2c93691425626d4b1,sanctioned,LAZARUS GROUP,published,ofac,OFAC SDN uid 27307; programs DPRK3; ETH; list of 10/02/2026
polygon,0x35fb6f6db4fb05e6a4ce86f2c93691425626d4b1,sanctioned,LAZARUS GROUP,published,ofac,OFAC SDN uid 27307; programs DPRK3; ETH; list of 10/02/2026
bsc,0x35fb6f6db4fb05e6a4ce86f2c93691425626d4b1,sanctioned,LAZARUS GROUP,published,ofac,OFAC SDN uid 27307; programs DPRK3; ETH; list of 10/02/2026
ethereum,0xf7b31119c2682c88d88d455dbb9d5932c65cf1be,sanctioned,LAZARUS GROUP,published,ofac,OFAC SDN uid 27307; programs DPRK3; ETH; list of 10/02/2026
polygon,0xf7b31119c2682c88d88d455dbb9d5932c65cf1be,sanctioned,LAZARUS GROUP,published,ofac,OFAC SDN uid 27307; programs DPRK3; ETH; list of 10/02/2026
bsc,0xf7b31119c2682c88d88d455dbb9d5932c65cf1be,sanctioned,LAZARUS GROUP,published,ofac,OFAC SDN uid 27307; programs DPRK3; ETH; list of 10/02/2026
ethereum,0x3e37627deaa754090fbfbb8bd226c1ce66d255e9,sanctioned,LAZARUS GROUP,published,ofac,OFAC SDN uid 27307; programs DPRK3; ETH; list of 10/02/2026
polygon,0x3e37627deaa754090fbfbb8bd226c1ce66d255e9,sanctioned,LAZARUS GROUP,published,ofac,OFAC SDN uid 27307; programs DPRK3; ETH; list of 10/02/2026
bsc,0x3e37627deaa754090fbfbb8bd226c1ce66d255e9,sanctioned,LAZARUS GROUP,published,ofac,OFAC SDN uid 27307; programs DPRK3; ETH; list of 10/02/2026
ethereum,0x08723392ed15743cc38513c4925f5e6be5c17243,sanctioned,LAZARUS GROUP,published,ofac,OFAC SDN uid 27307; programs DPRK3; ETH; list of 10/02/2026
polygon,0x08723392ed15743cc38513c4925f5e6be5c17243,sanctioned,LAZARUS GROUP,published,ofac,OFAC SDN uid 27307; programs DPRK3; ETH; list of 10/02/2026
bsc,0x08723392ed15743cc38513c4925f5e6be5c17243,sanctioned,LAZARUS GROUP,published,ofac,OFAC SDN uid 27307; programs DPRK3; ETH; list of 10/02/2026
bitcoin,134r8iHv69xdT6p5qVKTsHrcUEuBVZAYak,sanctioned,Yinyin TIAN,published,ofac,"OFAC SDN uid 28263; programs CYBER2,DPRK3; XBT; list of 10/02/2026"
bitcoin,15YK647qtoZQDzNrvY6HJL6QwXduLHfT28,sanctioned,Yinyin TIAN,published,ofac,"OFAC SDN uid 28263; programs CYBER2,DPRK3; XBT; list of 10/02/2026"
bitcoin,1PfwHNxUnkpfkK9MKjMqzR3Xq3KCtq9u17,sanctioned,Yinyin TIAN,published,ofac,"OFAC SDN uid 28263; programs CYBER2,DPRK3; XBT; list of 10/02/2026"
bitcoin,14kqryJUxM3a7aEi117KX9hoLUw592WsMR,sanctioned,Yinyin TIAN,published,ofac,"OFAC SDN uid 28263; programs CYBER2,DPRK3; XBT; list of 10/02/2026"
bitcoin,1F2Gdug9ib9NQMhKMGGJczzMk5SuENoqrp,sanctioned,Yinyin TIAN,published,ofac,"OFAC SDN uid 28263; programs CYBER2,DPRK3; XBT; list of 10/02/2026"
bitcoin,3F2sZ4jbhvDKQdGbHYPC6ZxFXEau2m5Lqj,sanctioned,Yinyin TIAN,published,ofac,"OFAC SDN uid 28263; programs CYBER2,DPRK3; XBT; list of 10/02/2026"
bitcoin,1AXUTu9y3H8w4wYx4BjyFWgRhZKDhmcMrn,sanctioned,Yinyin TIAN,published,ofac,"OFAC SDN uid 28263; programs CYBER2,DPRK3; XBT; list of 10/02/2026"
bitcoin,1Hn9ErTCPRP6j5UDBeuXPGuq5RtRjFJxJQ,sanctioned,Yinyin TIAN,published,ofac,"OFAC SDN uid 28263; programs CYBER2,DPRK3; XBT; list of 10/02/2026"
bitcoin,1EfMVkxQQuZfBdocpJu6RUsCJvenQWbQyE,sanctioned,Jiadong LI,published,ofac,"OFAC SDN uid 28264; programs CYBER2,DPRK3; XBT; list of 10/02/2026"
bitcoin,17UVSMegvrzfobKC82dHXpZLtLcqzW9stF,sanctioned,Jiadong LI,published,ofac,"OFAC SDN uid 28264; programs CYBER2,DPRK3; XBT; list of 10/02/2026"
bitcoin,39eboeqYNFe2VoLC3mUGx4dh6GNhLB3D2q,sanctioned,Jiadong LI,published,ofac,"OFAC SDN uid 28264; programs CYBER2,DPRK3; XBT; list of 10/02/2026"
bitcoin,39fhoB2DohisGBbHvvfmkdPdShT75CNHdX,sanctioned,Jiadong LI,published,ofac,"OFAC SDN uid 28264; programs CYBER2,DPRK3; XBT; list of 10/02/2026"
bitcoin,3E6rY4dSCDW6y2bzJNwrjvTtdmMQjB6yeh,sanctioned,Jiadong LI,published,ofac,"OFAC SDN uid 28264; programs CYBER2,DPRK3; XBT; list of 10/02/2026"
bitcoin,3EeR8FbcPbkcGj77D6ttneJxmsr3Nu7KGV,sanctioned,Jiadong LI,published,ofac,"OFAC SDN uid 28264; programs CYBER2,DPRK3; XBT; list of 10/02/2026"
bitcoin,3HQRveQzPifZorZLDXHernc5zjoZax8U9f,sanctioned,Jiadong LI,published,ofac,"OFAC SDN uid 28264; programs CYBER2,DPRK3; XBT; list of 10/02/2026"
bitcoin,3JXKQ81JzBqVbB8VHdV9Jtd7auWokkdPgY,sanctioned,Jiadong LI,published,ofac,"OFAC SDN uid 28264; programs CYBER2,DPRK3; XBT; list of 10/02/2026"
bitcoin,3KHfXU24Bt3YD5Ef4J7uNp2buCuhrxfGen,sanctioned,Jiadong LI,published,ofac,"OFAC SDN uid 28264; programs CYBER2,DPRK3; XBT; list of 10/02/2026"
bitcoin,3LbDu1rUXHNyiz4i8eb3KwkSSBMf7C583D,sanctioned,Jiadong LI,published,ofac,"OFAC SDN uid 28264; programs CYBER2,DPRK3; XBT; list of 10/02/2026"
bitcoin,3MN8nYo1tt5hLxMwMbxDkXWd7Xu522hb9P,sanctioned,Jiadong LI,published,ofac,"OFAC SDN uid 28264; programs CYBER2,DPRK3; XBT; list of 10/02/2026"
bitcoin,3N6WeZ6i34taX8Ditser6LKWBcXmt2XXL4,sanctioned,Jiadong LI,published,ofac,"OFAC SDN uid 28264; programs CYBER2,DPRK3; XBT; list of 10/02/2026"
bitcoin,1Q9UAQbcDezmyouFrzt94t4dSMxgsUfW1X,sanctioned,Danil POTEKHIN,published,ofac,OFAC SDN uid 29584; programs CYBER2; XBT; list of 10/02/2026
bitcoin,1Kys8fqDen8NGFUJ6AFcXfFW5qquuTH4eh,sanctioned,Danil POTEKHIN,published,ofac,OFAC SDN uid 29584; programs CYBER2; XBT; list of 10/02/2026
ethereum,0x7f367cc41522ce07553e823bf3be79a889debe1b,sanctioned,Danil POTEKHIN,published,ofac,OFAC SDN uid 29584; programs CYBER2; ETH; list of 10/02/2026
polygon,0x7f367cc41522ce07553e823bf3be79a889debe1b,sanctioned,Danil POTEKHIN,published,ofac,OFAC SDN uid 29584; programs CYBER2; ETH; list of 10/02/2026
bsc,0x7f367cc41522ce07553e823bf3be79a889debe1b,sanctioned,Danil POTEKHIN,published,ofac,OFAC SDN uid 29584; programs CYBER2; ETH; list of 10/02/2026
bitcoin,1Q6saNmqKkyFB9mFR68Ck8F7Dp7dTopF2W,sanctioned,Dmitrii KARASAVIDI,published,ofac,OFAC SDN uid 29585; programs CYBER2; XBT; list of 10/02/2026
bitcoin,1DDA93oZPn7wte2eR1ABwcFoxUFxkKMwCf,sanctioned,Dmitrii KARASAVIDI,published,ofac,OFAC SDN uid 29585; programs CYBER2; XBT; list of 10/02/2026
ethereum,0xd882cfc20f52f2599d84b8e8d58c7fb62cfe344b,sanctioned,Dmitrii KARASAVIDI,published,ofac,OFAC SDN uid 29585; programs CYBER2; ETH; list of 10/02/2026
polygon,0xd882cfc20f52f2599d84b8e8d58c7fb62cfe344b,sanctioned,Dmitrii KARASAVIDI,published,ofac,OFAC SDN uid 29585; programs CYBER2; ETH; list of 10/02/2026
bsc,0xd882cfc20f52f2599d84b8e8d58c7fb62cfe344b,sanctioned,Dmitrii KARASAVIDI,published,ofac,OFAC SDN uid 29585; programs CYBER2; ETH; list of 10/02/2026
bitcoin,12udabs2TkX7NXCSj6KpqXfakjE52ZPLhz,sanctioned,Artem Mikhaylovich LIFSHITS,published,ofac,"OFAC SDN uid 29702; programs ELECTION-EO13848,CYBER2; XBT; list of 10/02/2026"
bitcoin,1DT3tenf14cxz9WFNxmYrXFbB6TFiVWA9U,sanctioned,Artem Mikhaylovich LIFSHITS,published,ofac,"OFAC SDN uid 29702; programs ELECTION-EO13848,CYBER2; XBT; list of 10/02/2026"
ethereum,0x901bb9583b24d97e995513c6778dc6888ab6870e,sanctioned,Artem Mikhaylovich LIFSHITS,published,ofac,"OFAC SDN uid 29702; programs ELECTION-EO13848,CYBER2; ETH; list of 10/02/2026"
polygon,0x901bb9583b24d97e995513c6778dc6888ab6870e,sanctioned,Artem Mikhaylovich LIFSHITS,published,ofac,"OFAC SDN uid 29702; programs ELECTION-EO13848,CYBER2; ETH; list of 10/02/2026"
bsc,0x901bb9583b24d97e995513c6778dc6888ab6870e,sanctioned,Artem Mikhaylovich LIFSHITS,published,ofac,"OFAC SDN uid 29702; programs ELECTION-EO13848,CYBER2; ETH; list of 10/02/2026"
ethereum,0xa7e5d5a720f06526557c513402f2e6b5fa20b008,sanctioned,Artem Mikhaylovich LIFSHITS,published,ofac,"OFAC SDN uid 29702; programs ELECTION-EO13848,CYBER2; ETH; list of 10/02/2026"
polygon,0xa7e5d5a720f06526557c513402f2e6b5fa20b008,sanctioned,Artem Mikhaylovich LIFSHITS,published,ofac,"OFAC SDN uid 29702; programs ELECTION-EO13848,CYBER2; ETH; list of 10/02/2026"
bsc,0xa7e5d5a720f06526557c513402f2e6b5fa20b008,sanctioned,Artem Mikhaylovich LIFSHITS,published,ofac,"OFAC SDN uid 29702; programs ELECTION-EO13848,CYBER2; ETH; list of 10/02/2026"
bitcoin,1Fz29BQp82pE3vXXcsZoMNQ3KSHfMzfMe3,sanctioned,Anton Nikolaeyvich ANDREYEV,published,ofac,"OFAC SDN uid 29703; programs CYBER2,ELECTION-EO13848; XBT; list of 10/02/2026"
bitcoin,1AeSq93WDNdLoEJ92sex7T8xQZoYYm8BtS,sanctioned,Anton Nikolaeyvich ANDREYEV,published,ofac,"OFAC SDN uid 29703; programs CYBER2,ELECTION-EO13848; XBT; list of 10/02/2026"
bitcoin,1AoxtfiBQ22DvbhqAN9Ctb8sULMRhrdwTr,sanctioned,Anton Nikolaeyvich ANDREYEV,published,ofac,"OFAC SDN uid 29703; programs CYBER2,ELECTION-EO13848; XBT; list of 10/02/2026"
bitcoin,18Qj1THHuETfYhuRDZycXJbWwDMGw73Poa,sanctioned,Anton Nikolaeyvich ANDREYEV,published,ofac,"OFAC SDN uid 29703; programs CYBER2,ELECTION-EO13848; XBT; list of 10/02/2026"
bitcoin,1MnbhWe5wr7Ut45ReyQsm96PwnM9jD7KaH,sanctioned,Anton Nikolaeyvich ANDREYEV,published,ofac,"OFAC SDN uid 29703; programs CYBER2,ELECTION-EO13848; XBT; list of 10/02/2026"
bitcoin,1DYFJ6CuBvrxyoQSuBzVsNcetY9tvdsrag,sanctioned,Anton Nikolaeyvich ANDREYEV,published,ofac,"OFAC SDN uid 29703; programs CYBER2,ELECTION-EO13848; XBT; list of 10/02/2026"
bitcoin,15Pt4NwZaUmMUwS2bQbyyncc7mzgWShtv8,sanctioned,Anton Nikolaeyvich ANDREYEV,published,ofac,"OFAC SDN uid 29703; programs CYBER2,ELECTION-EO13848; XBT; list of 10/02/2026"
bitcoin,1PhqQpaGCrqSxQ6QDXcv14QCd1U98Zp34E,sanctioned,Anton Nikolaeyvich ANDREYEV,published,ofac,"OFAC SDN uid 29703; programs CYBER2,ELECTION-EO13848; XBT; list of 10/02/2026"
bitcoin,13YBQr2Cp1YY3xqq2qngaPb7ca1o4ugeq6,sanctioned,Anton Nikolaeyvich ANDREYEV,published,ofac,"OFAC SDN uid 29703; programs CYBER2,ELECTION-EO13848; XBT; list of 10/02/2026"
bitcoin,1KgudqxMfYaGzqAA7MS4DcsqejtMteqhix,sanctioned,Anton Nikolaeyvich ANDREYEV,published,ofac,"OFAC SDN uid 29703; programs CYBER2,ELECTION-EO13848; XBT; list of 10/02/2026"
bitcoin,1FRyL9gmFGbzfYDAB4iY9836DJe3KSnjP9,sanctioned,Anton Nikolaeyvich ANDREYEV,published,ofac,"OFAC SDN uid 29703; programs CYBER2,ELECTION-EO13848; XBT; list of 10/02/2026"
bitcoin,1DbShx4r8i2XesthoDBf5EkYWz5dsKEusV,sanctioned,Anton Nikolaeyvich ANDREYEV,published,ofac,"OFAC SDN uid 29703; programs CYBER2,ELECTION-EO13848; XBT; list of 10/02/2026"
ethereum,0x8576acc5c05d6ce88f4e49bf65bdf0c62f91353c,sanctioned,Anton Nikolaeyvich ANDREYEV,published,ofac,"OFAC SDN uid 29703; programs CYBER2,ELECTION-EO13848; ETH; list of 10/02/2026"
polygon,0x8576acc5c05d6ce88f4e49bf65bdf0c62f91353c,sanctioned,Anton Nikolaeyvich ANDREYEV,published,ofac,"OFAC SDN uid 29703; programs CYBER2,ELECTION-EO13848; ETH; list of 10/02/2026"
bsc,0x8576acc5c05d6ce88f4e49bf65bdf0c62f91353c,sanctioned,Anton Nikolaeyvich ANDREYEV,published,ofac,"OFAC SDN uid 29703; programs CYBER2,ELECTION-EO13848; ETH; list of 10/02/2026"
bitcoin,1NE2NiGhhbkFPSEyNWwj7hKGhGDedBtSrQ,sanctioned,SECONDEYE SOLUTION,published,ofac,"OFAC SDN uid 30518; programs CYBER2,ELECTION-EO13848; XBT; list of 10/02/2026"
bitcoin,19D8PHBjZH29uS1uPZ4m3sVyqqfF8UFG9o,sanctioned,SECONDEYE SOLUTION,published,ofac,"OFAC SDN uid 30518; programs CYBER2,ELECTION-EO13848; XBT; list of 10/02/2026"
bitcoin,1EYitrwBYNWuTBcjZFbEUdqHppe2raLpaF,sanctioned,SECONDEYE SOLUTION,published,ofac,"OFAC SDN uid 30518; programs CYBER2,ELECTION-EO13848; XBT; list of 10/02/2026"
bitcoin,1G9CKRHA3mx22DoT1QyNYrh85VSQ19Y1em,sanctioned,SECONDEYE SOLUTION,published,ofac,"OFAC SDN uid 30518; programs CYBER2,ELECTION-EO13848; XBT; list of 10/02/2026"
bitcoin,182NGZbPJXwg2WDrhrPpR7tpiGQkNPF844,sanctioned,SECONDEYE SOLUTION,published,ofac,"OFAC SDN uid 30518; programs CYBER2,ELECTION-EO13848; XBT; list of 10/02/2026"
bitcoin,1NayLEVF3bEEbDtdF2Cwso1VdEtvVNh2qX,sanctioned,SECONDEYE SOLUTION,published,ofac,"OFAC SDN uid 30518; programs CYBER2,ELECTION-EO13848; XBT; list of 10/02/2026"
bitcoin,16PhXY3hNNMTo8kpuJx2emh713KbWpkqci,sanctioned,SECONDEYE SOLUTION,published,ofac,"OFAC SDN uid 30518; programs CYBER2,ELECTION-EO13848; XBT; list of 10/02/2026"
bitcoin,1GqChmWqGtsaLrGbHfgdrV5Nkvahtjjuxr,sanctioned,SECONDEYE SOLUTION,published,ofac,"OFAC SDN uid 30518; programs CYBER2,ELECTION-EO13848; XBT; list of 10/02/2026"
bitcoin,18Ke1QWE9nQfXuhJijHggZuPJ5ZYxapoBK,sanctioned,SECONDEYE SOLUTION,published,ofac,"OFAC SDN uid 30518; programs CYBER2,ELECTION-EO13848; XBT; list of 10/02/2026"
bitcoin,1QJUiNsNfji6mR1FjAwf6Eg9NxxHPoxpWL,sanctioned,SECONDEYE SOLUTION,published,ofac,"OFAC SDN uid 30518; programs CYBER2,ELECTION-EO13848; XBT; list of 10/02/2026"
bitcoin,1DtGgdCi9VPKz2Bpq8GQhUQEPnQ5HwaT9n,sanctioned,SECONDEYE SOLUTION,published,ofac,"OFAC SDN uid 30518; programs CYBER2,ELECTION-EO13848; XBT; list of 10/02/2026"
ethereum,0x1da5821544e25c636c1417ba96ade4cf6d2f9b5a,sanctioned,SECONDEYE SOLUTION,published,ofac,"OFAC SDN uid 30518; programs CYBER2,ELECTION-EO13848; ETH; list of 10/02/2026"
polygon,0x1da5821544e25c636c1417ba96ade4cf6d2f9b5a,sanctioned,SECONDEYE SOLUTION,published,ofac,"OFAC SDN uid 30518; programs CYBER2,ELECTION-EO13848; ETH; list of 10/02/2026"
bsc,0x1da5821544e25c636c1417ba96ade4cf6d2f9b5a,sanctioned,SECONDEYE SOLUTION,published,ofac,"OFAC SDN uid 30518; programs CYBER2,ELECTION-EO13848; ETH; list of 10/02/2026"
ethereum,0x7db418b5d567a4e0e8c59ad71be1fce48f3e6107,sanctioned,SECONDEYE SOLUTION,published,ofac,"OFAC SDN uid 30518; programs CYBER2,ELECTION-EO13848; ETH; list of 10/02/2026"
polygon,0x7db418b5d567a4e0e8c59ad71be1fce48f3e6107,sanctioned,SECONDEYE SOLUTION,published,ofac,"OFAC SDN uid 30518; programs CYBER2,ELECTION-EO13848; ETH; list of 10/02/2026"
bsc,0x7db418b5d567a4e0e8c59ad71be1fce48f3e6107,sanctioned,SECONDEYE SOLUTION,published,ofac,"OFAC SDN uid 30518; programs CYBER2,ELECTION-EO13848; ETH; list of 10/02/2026"
ethereum,0x72a5843cc08275c8171e582972aa4fda8c397b2a,sanctioned,SECONDEYE SOLUTION,published,ofac,"OFAC SDN uid 30518; programs CYBER2,ELECTION-EO13848; ETH; list of 10/02/2026"
polygon,0x72a5843cc08275c8171e582972aa4fda8c397b2a,sanctioned,SECONDEYE SOLUTION,published,ofac,"OFAC SDN uid 30518; programs CYBER2,ELECTION-EO13848; ETH; list of 10/02/2026"
bsc,0x72a5843cc08275c8171e582972aa4fda8c397b2a,sanctioned,SECONDEYE SOLUTION,published,ofac,"OFAC SDN uid 30518; programs CYBER2,ELECTION-EO13848; ETH; list of 10/02/2026"
ethereum,0x7f19720a857f834887fc9a7bc0a0fbe7fc7f8102,sanctioned,SECONDEYE SOLUTION,published,ofac,"OFAC SDN uid 30518; programs CYBER2,ELECTION-EO13848; ETH; list of 10/02/2026"
polygon,0x7f19720a857f834887fc9a7bc0a0fbe7fc7f8102,sanctioned,SECONDEYE SOLUTION,published,ofac,"OFAC SDN uid 30518; programs CYBER2,ELECTION-EO13848; ETH; list of 10/02/2026"
bsc,0x7f19720a857f834887fc9a7bc0a0fbe7fc7f8102,sanctioned,SECONDEYE SOLUTION,published,ofac,"OFAC SDN uid 30518; programs CYBER2,ELECTION-EO13848; ETH; list of 10/02/2026"
bitcoin,1KSAbh5trMCTZwhiNsuUQvfTtSSTT8zqRk,sanctioned,Mujtaba Ali RAZA,published,ofac,"OFAC SDN uid 30520; programs CYBER2,ELECTION-EO13848; XBT; list of 10/02/2026"
bitcoin,1BiUFjzH6wsT73U3tfy4aXHCQsYQHzjk5h,sanctioned,Mujtaba Ali RAZA,published,ofac,"OFAC SDN uid 30520; programs CYBER2,ELECTION-EO13848; XBT; list of 10/02/2026"
bitcoin,3Gbs4rjcVUtQd8p3CiFUCxPLZwRqurezRZ,sanctioned,SOUTHFRONT,published,ofac,"OFAC SDN uid 31212; programs CYBER2,ELECTION-EO13848,NPWMD; XBT; list of 10/02/2026"
bitcoin,bc1qv7k70u2zynvem59u88ctdlaw7hc735d8xep9rq,sanctioned,SOUTHFRONT,published,ofac,"OFAC SDN uid 31212; programs CYBER2,ELECTION-EO13848,NPWMD; XBT; list of 10/02/2026"
bitcoin,bc1qw4cxpe6sxa5dg6sdwxjph959cw6yztrzl4r54s,sanctioned,SOUTHFRONT,published,ofac,"OFAC SDN uid 31212; programs CYBER2,ELECTION-EO13848,NPWMD; XBT; list of 10/02/2026"
ethereum,0x9f4cda013e354b8fc285bf4b9a60460cee7f7ea9,sanctioned,SOUTHFRONT,published,ofac,"OFAC SDN uid 31212; programs CYBER2,ELECTION-EO13848,NPWMD; ETH; list of 10/02/2026"
polygon,0x9f4cda013e354b8fc285bf4b9a60460cee7f7ea9,sanctioned,SOUTHFRONT,published,ofac,"OFAC SDN uid 31212; programs CYBER2,ELECTION-EO13848,NPWMD; ETH; list of 10/02/2026"
bsc,0x9f4cda013e354b8fc285bf4b9a60460cee7f7ea9,sanctioned,SOUTHFRONT,published,ofac,"OFAC SDN uid 31212; programs CYBER2,ELECTION-EO13848,NPWMD; ETH; list of 10/02/2026"
ethereum,0x3cbded43efdaf0fc77b9c55f6fc9988fcc9b757d,sanctioned,SOUTHFRONT,published,ofac,"OFAC SDN uid 31212; programs CYBER2,ELECTION-EO13848,NPWMD; ETH; list of 10/02/2026"
polygon,0x3cbded43efdaf0fc77b9c55f6fc9988fcc9b757d,sanctioned,SOUTHFRONT,published,ofac,"OFAC SDN uid 31212; programs CYBER2,ELECTION-EO13848,NPWMD; ETH; list of 10/02/2026"
bsc,0x3cbded43efdaf0fc77b9c55f6fc9988fcc9b757d,sanctioned,SOUTHFRONT,published,ofac,"OFAC SDN uid 31212; programs CYBER2,ELECTION-EO13848,NPWMD; ETH; list of 10/02/2026"
tron,TLNRT524dzL5FF1nJHDhYEMFpeWjLjRbz1,sanctioned,Sa'id Ahmad Muhammad AL-JAMAL,published,ofac,"OFAC SDN uid 32171; programs IFSR,SDGT; USDT; list of 10/02/2026"
tron,THh5woR8qfmDsNknQ3agPYzQSiRtMnKsTh,sanctioned,Sa'id Ahmad Muhammad AL-JAMAL,published,ofac,"OFAC SDN uid 32171; programs IFSR,SDGT; USDT; list of 10/02/2026"
tron,TV5ZTpKDszLTF6XcMnPongS33pwBgF91by,sanctioned,Sa'id Ahmad Muhammad AL-JAMAL,published,ofac,"OFAC SDN uid 32171; programs IFSR,SDGT; USDT; list of 10/02/2026"
tron,TTAHMdqoom4f2VTWniroPWQHcTRZ4caoH4,sanctioned,Sa'id Ahmad Muhammad AL-JAMAL,published,ofac,"OFAC SDN uid 32171; programs IFSR,SDGT; USDT; list of 10/02/2026"
tron,TFFvv7NAWmbcVfA7QN81mMvUC25TWj1WJx,sanctioned,Sa'id Ahmad Muhammad AL-JAMAL,published,ofac,"OFAC SDN uid 32171; programs IFSR,SDGT; USDT; list of 10/02/2026"
bitcoin,1JPfVv5cWRLx1js9NWxg46dG2CGbeRz4th,sanctioned,"HEBEI ATUN TRADING CO., LTD.",published,ofac,OFAC SDN uid 32313; programs ILLICIT-DRUGS-EO14059; XBT; list of 10/02/2026
ethereum,0x2f389ce8bd8ff92de3402ffce4691d17fc4f6535,sanctioned,"SUEX OTC, S.R.O.",published,ofac,OFAC SDN uid 33151; programs CYBER2; USDT; list of 10/02/2026
polygon,0x2f389ce8bd8ff92de3402ffce4691d17fc4f6535,sanctioned,"SUEX OTC, S.R.O.",published,ofac,OFAC SDN uid 33151; programs CYBER2; USDT; list of 10/02/2026
bsc,0x2f389ce8bd8ff92de3402ffce4691d17fc4f6535,sanctioned,"SUEX OTC, S.R.O.",published,ofac,OFAC SDN uid 33151; programs CYBER2; USDT; list of 10/02/2026
ethereum,0x19aa5fe80d33a56d56c78e82ea5e50e5d80b4dff,sanctioned,"SUEX OTC, S.R.O.",published,ofac,OFAC SDN uid 33151; programs CYBER2; USDT; list of 10/02/2026
polygon,0x19aa5fe80d33a56d56c78e82ea5e50e5d80b4dff,sanctioned,"SUEX OTC, S.R.O.",published,ofac,OFAC SDN uid 33151; programs CYBER2; USDT; list of 10/02/2026
bsc,0x19aa5fe80d33a56d56c78e82ea5e50e5d80b4dff,sanctioned,"SUEX OTC, S.R.O.",published,ofac,OFAC SDN uid 33151; programs CYBER2; USDT; list of 10/02/2026
bitcoin,12HQDsicffSBaYdJ6BhnE22sfjTESmmzKx,sanctioned,"SUEX OTC, S.R.O.",published,ofac,OFAC SDN uid 33151; programs CYBER2; XBT; list of 10/02/2026
bitcoin,1L4ncif9hh9TnUveqWq77HfWWt6CJWtrnb,sanctioned,"SUEX OTC, S.R.O.",published,ofac,OFAC SDN uid 33151; programs CYBER2; XBT; list of 10/02/2026
bitcoin,13mnk8SvDGqsQTHbiGiHBXqtaQCUKfcsnP,sanctioned,"SUEX OTC, S.R.O.",published,ofac,OFAC SDN uid 33151; programs CYBER2; XBT; list of 10/02/2026
bitcoin,1Edue8XZCWNoDBNZgnQkCCivDyr9GEo4x6,sanctioned,"SUEX OTC, S.R.O.",published,ofac,OFAC SDN uid 33151; programs CYBER2; XBT; list of 10/02/2026
bitcoin,1ECeZBxCVJ8Wm2JSN3Cyc6rge2gnvD3W5K,sanctioned,"SUEX OTC, S.R.O.",published,ofac,OFAC SDN uid 33151; programs CYBER2; XBT; list of 10/02/2026
bitcoin,1J9oGoAiHeRfeMZeUnJ9W7RpV55CdKtgYE,sanctioned,"SUEX OTC, S.R.O.",published,ofac,OFAC SDN uid 33151; programs CYBER2; XBT; list of 10/02/2026
bitcoin,1295rkVyNfFpqZpXvKGhDqwhP1jZcNNDMV,sanctioned,"SUEX OTC, S.R.O.",published,ofac,OFAC SDN uid 33151; programs CYBER2; XBT; list of 10/02/2026
bitcoin,1LiNmTUPSJEd92ZgVJjAV3RT9BzUjvUCkx,sanctioned,"SUEX OTC, S.R.O.",published,ofac,OFAC SDN uid 33151; programs CYBER2; XBT; list of 10/02/2026
bitcoin,1LrxsRd7zNuxPJcL5rttnoeJFy1y4AffYY,sanctioned,"SUEX OTC, S.R.O.",published,ofac,OFAC SDN uid 33151; programs CYBER2; XBT; list of 10/02/2026
bitcoin,1KUUJPkyDhamZXgpsyXqNGc3x1QPXtdhgz,sanctioned,"SUEX OTC, S.R.O.",published,ofac,OFAC SDN uid 33151; programs CYBER2; XBT; list of 10/02/2026
bitcoin,1CF46Rfbp97absrs7zb7dFfZS6qBXUm9EP,sanctioned,"SUEX OTC, S.R.O.",published,ofac,OFAC SDN uid 33151; programs CYBER2; XBT; list of 10/02/2026
bitcoin,1Df883c96LVauVsx9FEgnsourD8DELwCUQ,sanctioned,"SUEX OTC, S.R.O.",published,ofac,OFAC SDN uid 33151; programs CYBER2; XBT; list of 10/02/2026
bitcoin,bc1qdt3gml5z5n50y5hm04u2yjdphefkm0fl2zdj68,sanctioned,"SUEX OTC, S.R.O.",published,ofac,OFAC SDN uid 33151; programs CYBER2; XBT; list of 10/02/2026
bitcoin,1B64QRxfaa35MVkf7sDjuGUYAP5izQt7Qi,sanctioned,"SUEX OTC, S.R.O.",published,ofac,OFAC SDN uid 33151; programs CYBER2; XBT; list of 10/02/2026
ethereum,0xe7aa314c77f4233c18c6cc84384a9247c0cf367b,sanctioned,"SUEX OTC, S.R.O.",published,ofac,OFAC SDN uid 33151; programs CYBER2; ETH; list of 10/02/2026
polygon,0xe7aa314c77f4233c18c6cc84384a9247c0cf367b,sanctioned,"SUEX OTC, S.R.O.",published,ofac,OFAC SDN uid 33151; programs CYBER2; ETH; list of 10/02/2026
bsc,0xe7aa314c77f4233c18c6cc84384a9247c0cf367b,sanctioned,"SUEX OTC, S.R.O.",published,ofac,OFAC SDN uid 33151; programs CYBER2; ETH; list of 10/02/2026
ethereum,0x308ed4b7b49797e1a98d3818bff6fe5385410370,sanctioned,"SUEX OTC, S.R.O.",published,ofac,OFAC SDN uid 33151; programs CYBER2; ETH; list of 10/02/2026
polygon,0x308ed4b7b49797e1a98d3818bff6fe5385410370,sanctioned,"SUEX OTC, S.R.O.",published,ofac,OFAC SDN uid 33151; programs CYBER2; ETH; list of 10/02/2026
bsc,0x308ed4b7b49797e1a98d3818bff6fe5385410370,sanctioned,"SUEX OTC, S.R.O.",published,ofac,OFAC SDN uid 33151; programs CYBER2; ETH; list of 10/02/2026
bitcoin,3E7YbpXuhh3CWFks1jmvWoV8y5DvsfzE6n,sanctioned,CHATEX,published,ofac,OFAC SDN uid 33854; programs CYBER2; XBT; list of 10/02/2026
bitcoin,3NRJ8aXdUiZdHaiFX9ePX3DhGHzcEi14Fq,sanctioned,CHATEX,published,ofac,OFAC SDN uid 33854; programs CYBER2; XBT; list of 10/02/2026
bitcoin,3K7PMJyMNVnxqsfpmK9r9nJDtzDw9wNwNV,sanctioned,CHATEX,published,ofac,OFAC SDN uid 33854; programs CYBER2; XBT; list of 10/02/2026
bitcoin,3H3rh85qPaGLy2w6618yZNaH7i8asHv46B,sanctioned,CHATEX,published,ofac,OFAC SDN uid 33854; programs CYBER2; XBT; list of 10/02/2026
bitcoin,3MTrJTFhYK9v1C6pjHtuweZSopfZa4b1wb,sanctioned,CHATEX,published,ofac,OFAC SDN uid 33854; programs CYBER2; XBT; list of 10/02/2026
bitcoin,347QFbejDBdMZFTxpmn6evvvqyXiqZTCd7,sanctioned,CHATEX,published,ofac,OFAC SDN uid 33854; programs CYBER2; XBT; list of 10/02/2026
bitcoin,33xWfziVZesgo83U5izdNCBVTnrtBpSwK7,sanctioned,CHATEX,published,ofac,OFAC SDN uid 33854; programs CYBER2; XBT; list of 10/02/2026
bitcoin,32wdqwX3zCEX3DhAVEcKwXCEGdzgBnx1R9,sanctioned,CHATEX,published,ofac,OFAC SDN uid 33854; programs CYBER2; XBT; list of 10/02/2026
bitcoin,3N9YcPBDky9UsMx1RTk33tL4jDkZfSnsPk,sanctioned,CHATEX,published,ofac,OFAC SDN uid 33854; programs CYBER2; XBT; list of 10/02/2026
bitcoin,bc1q90zrdysy4flyacw7hsury3ajs9yzwtwp6guqpypx94w0d3p58hysvz6pde,sanctioned,CHATEX,published,ofac,OFAC SDN uid 33854; programs CYBER2; XBT; list of 10/02/2026
bitcoin,bc1qw7vfgv3r5vnehafl0y95sclg3uqsj87wxs9ad628yjjcq33cwessr6ndyw,sanctioned,CHATEX,published,ofac,OFAC SDN uid 33854; programs CYBER2; XBT; list of 10/02/2026
bitcoin,bc1q86tl9255vg5wldamfymaaz36uqxzm30gs7fhkljvzdlt9t38s3lqgdwdfq,sanctioned,CHATEX,published,ofac,OFAC SDN uid 33854; programs CYBER2; XBT; list of 10/02/2026
bitcoin,3M7CGBPUJwXXSroWuZ6H5jiprdKCyf7V5M,sanctioned,CHATEX,published,ofac,OFAC SDN uid 33854; programs CYBER2; XBT; list of 10/02/2026
bitcoin,34kWCKF2wCbe6uinit2uL4ND6d8yxsuxKM,sanctioned,CHATEX,published,ofac,OFAC SDN uid 33854; programs CYBER2; XBT; list of 10/02/2026
bitcoin,bc1qe95l438kzjcvnsm3kn8n5augf9gpctdlhsq7f7hpnkyvlr7rc7cqupapf7,sanctioned,CHATEX,published,ofac,OFAC SDN uid 33854; programs CYBER2; XBT; list of 10/02/2026
bitcoin,32VgTk8kGvBsqkHhkvtNooGdtqZm46jTVo,sanctioned,CHATEX,published,ofac,OFAC SDN uid 33854; programs CYBER2; XBT; list of 10/02/2026
bitcoin,3NPognMSbzyA2JYW2fpkVKWyBMi2XTq2Zt,sanctioned,CHATEX,published,ofac,OFAC SDN uid 33854; programs CYBER2; XBT; list of 10/02/2026
bitcoin,3MzLtBQ4Lz9J6w4Qu55TktgxFKZwxYWrP6,sanctioned,CHATEX,published,ofac,OFAC SDN uid 33854; programs CYBER2; XBT; list of 10/02/2026
bitcoin,36YGN5dGzqrxMomTHdkT6cYVMnWBw8S7hD,sanctioned,CHATEX,published,ofac,OFAC SDN uid 33854; programs CYBER2; XBT; list of 10/02/2026
bitcoin,bc1q4rzdtlt0uslyw86cp29sctl6ct29g9a95cuup7pn5md9ddj7xgmqpp5m73,sanctioned,CHATEX,published,ofac,OFAC SDN uid 33854; programs CYBER2; XBT; list of 10/02/2026
bitcoin,39KQvziHwUe2vddbpfC5WkQEV72qbQhxuh,sanctioned,CHATEX,published,ofac,OFAC SDN uid 33854; programs CYBER2; XBT; list of 10/02/2026
bitcoin,3Qw9Fn19gCnga9LfHfpM99aGzuqxBNjR2i,sanctioned,CHATEX,published,ofac,OFAC SDN uid 33854; programs CYBER2; XBT; list of 10/02/2026
ethereum,0x67d40ee1a85bf4a4bb7ffae16de985e8427b6b45,sanctioned,CHATEX,published,ofac,OFAC SDN uid 33854; programs CYBER2; ETH; list of 10/02/2026
polygon,0x67d40ee1a85bf4a4bb7ffae16de985e8427b6b45,sanctioned,CHATEX,published,ofac,OFAC SDN uid 33854; programs CYBER2; ETH; list of 10/02/2026
bsc,0x67d40ee1a85bf4a4bb7ffae16de985e8427b6b45,sanctioned,CHATEX,published,ofac,OFAC SDN uid 33854; programs CYBER2; ETH; list of 10/02/2026
ethereum,0x6f1ca141a28907f78ebaa64fb83a9088b02a8352,sanctioned,CHATEX,published,ofac,OFAC SDN uid 33854; programs CYBER2; ETH; list of 10/02/2026
polygon,0x6f1ca141a28907f78ebaa64fb83a9088b02a8352,sanctioned,CHATEX,published,ofac,OFAC SDN uid 33854; programs CYBER2; ETH; list of 10/02/2026
bsc,0x6f1ca141a28907f78ebaa64fb83a9088b02a8352,sanctioned,CHATEX,published,ofac,OFAC SDN uid 33854; programs CYBER2; ETH; list of 10/02/2026
ethereum,0x48549a34ae37b12f6a30566245176994e17c6b4a,sanctioned,CHATEX,published,ofac,OFAC SDN uid 33854; programs CYBER2; ETH; list of 10/02/2026
polygon,0x48549a34ae37b12f6a30566245176994e17c6b4a,sanctioned,CHATEX,published,ofac,OFAC SDN uid 33854; programs CYBER2; ETH; list of 10/02/2026
bsc,0x48549a34ae37b12f6a30566245176994e17c6b4a,sanctioned,CHATEX,published,ofac,OFAC SDN uid 33854; programs CYBER2; ETH; list of 10/02/2026
ethereum,0x5512d943ed1f7c8a43f3435c85f7ab68b30121b0,sanctioned,CHATEX,published,ofac,OFAC SDN uid 33854; programs CYBER2; ETH; list of 10/02/2026
polygon,0x5512d943ed1f7c8a43f3435c85f7ab68b30121b0,sanctioned,CHATEX,published,ofac,OFAC SDN uid 33854; programs CYBER2; ETH; list of 10/02/2026
bsc,0x5512d943ed1f7c8a43f3435c85f7ab68b30121b0,sanctioned,CHATEX,published,ofac,OFAC SDN uid 33854; programs CYBER2; ETH; list of 10/02/2026
ethereum,0xc455f7fd3e0e12afd51fba5c106909934d8a0e4a,sanctioned,CHATEX,published,ofac,OFAC SDN uid 33854; programs CYBER2; ETH; list of 10/02/2026
polygon,0xc455f7fd3e0e12afd51fba5c106909934d8a0e4a,sanctioned,CHATEX,published,ofac,OFAC SDN uid 33854; programs CYBER2; ETH; list of 10/02/2026
bsc,0xc455f7fd3e0e12afd51fba5c106909934d8a0e4a,sanctioned,CHATEX,published,ofac,OFAC SDN uid 33854; programs CYBER2; ETH; list of 10/02/2026
bitcoin,158treVZBGMBThoaympxccPdZPtqUfYrT9,sanctioned,Yevgeniy Igorevich POLYANIN,published,ofac,OFAC SDN uid 33858; programs CYBER2; XBT; list of 10/02/2026
bitcoin,389Sft4nJFkPGhbagk9FN4jXncA9piYTuU,sanctioned,Yevgeniy Igorevich POLYANIN,published,ofac,OFAC SDN uid 33858; programs CYBER2; XBT; list of 10/02/2026
bitcoin,39Te8MbphSgs7npDJPj2hbNzhke61NTcnB,sanctioned,Yevgeniy Igorevich POLYANIN,published,ofac,OFAC SDN uid 33858; programs CYBER2; XBT; list of 10/02/2026
bitcoin,31p6woV4e55HUfC2aGynFhzQnGoJFW26cD,sanctioned,Yevgeniy Igorevich POLYANIN,published,ofac,OFAC SDN uid 33858; programs CYBER2; XBT; list of 10/02/2026
bitcoin,3DNsaQnaUz7wkQny1ZDSmtz6QfbEShxoDD,sanctioned,Yevgeniy Igorevich POLYANIN,published,ofac,OFAC SDN uid 33858; programs CYBER2; XBT; list of 10/02/2026
bitcoin,3AjyprBY5yhijiCjUC5NUJutGbwhd3AQdE,sanctioned,Yevgeniy Igorevich POLYANIN,published,ofac,OFAC SDN uid 33858; programs CYBER2; XBT; list of 10/02/2026
ethereum,0xfec8a60023265364d066a1212fde3930f6ae8da7,sanctioned,Yevgeniy Igorevich POLYANIN,published,ofac,OFAC SDN uid 33858; programs CYBER2; USDT; list of 10/02/2026
polygon,0xfec8a60023265364d066a1212fde3930f6ae8da7,sanctioned,Yevgeniy Igorevich POLYANIN,published,ofac,OFAC SDN uid 33858; programs CYBER2; USDT; list of 10/02/2026
bsc,0xfec8a60023265364d066a1212fde3930f6ae8da7,sanctioned,Yevgeniy Igorevich POLYANIN,published,ofac,OFAC SDN uid 33858; programs CYBER2; USDT; list of 10/02/2026
bitcoin,35QpLWYkvD3ALhjbge5bK2kd7HfHYcDMu3,sanctioned,Yaroslav VASINSKYI,published,ofac,OFAC SDN uid 33859; programs CYBER2; XBT; list of 10/02/2026
bitcoin,3NQ1aa9ceirMJ1JvRq3eXefvXj1L639fzX,sanctioned,Yaroslav VASINSKYI,published,ofac,OFAC SDN uid 33859; programs CYBER2; XBT; list of 10/02/2026
bitcoin,3BsyZ7qRFSi3NsaoV1Ff724qAgrEpjVUHm,sanctioned,Yaroslav VASINSKYI,published,ofac,OFAC SDN uid 33859; programs CYBER2; XBT; list of 10/02/2026
bitcoin,372Wk9NLrMkJzKgqJdatWJy4bYRfxFjgat,sanctioned,Yaroslav VASINSKYI,published,ofac,OFAC SDN uid 33859; programs CYBER2; XBT; list of 10/02/2026
bitcoin,3Lpoy53K625zVeE47ZasiG5jGkAxJ27kh1,sanctioned,GARANTEX EUROPE OU,published,ofac,"OFAC SDN uid 36025; programs CYBER4,RUSSIA-EO14024; XBT; list of 10/02/2026"
ethereum,0x7ff9cfad3877f21d41da833e2f775db0569ee3d9,sanctioned,GARANTEX EUROPE OU,published,ofac,"OFAC SDN uid 36025; programs CYBER4,RUSSIA-EO14024; ETH; list of 10/02/2026"
polygon,0x7ff9cfad3877f21d41da833e2f775db0569ee3d9,sanctioned,GARANTEX EUROPE OU,published,ofac,"OFAC SDN uid 36025; programs CYBER4,RUSSIA-EO14024; ETH; list of 10/02/2026"
bsc,0x7ff9cfad3877f21d41da833e2f775db0569ee3d9,sanctioned,GARANTEX EUROPE OU,published,ofac,"OFAC SDN uid 36025; programs CYBER4,RUSSIA-EO14024; ETH; list of 10/02/2026"
ethereum,0x8dce2aac0de82bdcaf6b4373b79f94331b8e4995,sanctioned,GARANTEX EUROPE OU,published,ofac,"OFAC SDN uid 36025; programs CYBER4,RUSSIA-EO14024; ETH; list of 10/02/2026"
polygon,0x8dce2aac0de82bdcaf6b4373b79f94331b8e4995,sanctioned,GARANTEX EUROPE OU,published,ofac,"OFAC SDN uid 36025; programs CYBER4,RUSSIA-EO14024; ETH; list of 10/02/2026"
bsc,0x8dce2aac0de82bdcaf6b4373b79f94331b8e4995,sanctioned,GARANTEX EUROPE OU,published,ofac,"OFAC SDN uid 36025; programs CYBER4,RUSSIA-EO14024; ETH; list of 10/02/2026"
ethereum,0xf4377eda661e04b6dda78969796ed31658d602d4,sanctioned,GARANTEX EUROPE OU,published,ofac,"OFAC SDN uid 36025; programs CYBER4,RUSSIA-EO14024; ETH; list of 10/02/2026"
polygon,0xf4377eda661e04b6dda78969796ed31658d602d4,sanctioned,GARANTEX EUROPE OU,published,ofac,"OFAC SDN uid 36025; programs CYBER4,RUSSIA-EO14024; ETH; list of 10/02/2026"
bsc,0xf4377eda661e04b6dda78969796ed31658d602d4,sanctioned,GARANTEX EUROPE OU,published,ofac,"OFAC SDN uid 36025; programs CYBER4,RUSSIA-EO14024; ETH; list of 10/02/2026"
ethereum,0xb338962b92cd818d6aef0a32a9ecd01212a71f33,sanctioned,GARANTEX EUROPE OU,published,ofac,"OFAC SDN uid 36025; programs CYBER4,RUSSIA-EO14024; ETH; list of 10/02/2026"
polygon,0xb338962b92cd818d6aef0a32a9ecd01212a71f33,sanctioned,GARANTEX EUROPE OU,published,ofac,"OFAC SDN uid 36025; programs CYBER4,RUSSIA-EO14024; ETH; list of 10/02/2026"
bsc,0xb338962b92cd818d6aef0a32a9ecd01212a71f33,sanctioned,GARANTEX EUROPE OU,published,ofac,"OFAC SDN uid 36025; programs CYBER4,RUSSIA-EO14024; ETH; list of 10/02/2026"
ethereum,0x57ec89a0c056163a0314e413320f9b3abe761259,sanctioned,GARANTEX EUROPE OU,published,ofac,"OFAC SDN uid 36025; programs CYBER4,RUSSIA-EO14024; ETH; list of 10/02/2026"
polygon,0x57ec89a0c056163a0314e413320f9b3abe761259,sanctioned,GARANTEX EUROPE OU,published,ofac,"OFAC SDN uid 36025; programs CYBER4,RUSSIA-EO14024; ETH; list of 10/02/2026"
bsc,0x57ec89a0c056163a0314e413320f9b3abe761259,sanctioned,GARANTEX EUROPE OU,published,ofac,"OFAC SDN uid 36025; programs CYBER4,RUSSIA-EO14024; ETH; list of 10/02/2026"
ethereum,0xd8500c631dc32fa18645b7436344a99e4825e10e,sanctioned,GARANTEX EUROPE OU,published,ofac,"OFAC SDN uid 36025; programs CYBER4,RUSSIA-EO14024; ETH; list of 10/02/2026"
polygon,0xd8500c631dc32fa18645b7436344a99e4825e10e,sanctioned,GARANTEX EUROPE OU,published,ofac,"OFAC SDN uid 36025; programs CYBER4,RUSSIA-EO14024; ETH; list of 10/02/2026"
bsc,0xd8500c631dc32fa18645b7436344a99e4825e10e,sanctioned,GARANTEX EUROPE OU,published,ofac,"OFAC SDN uid 36025; programs CYBER4,RUSSIA-EO14024; ETH; list of 10/02/2026"
ethereum,0x7ced75026204ac29c34bea98905d4c949f27361e,sanctioned,GARANTEX EUROPE OU,published,ofac,"OFAC SDN uid 36025; programs CYBER4,RUSSIA-EO14024; ETH; list of 10/02/2026"
polygon,0x7ced75026204ac29c34bea98905d4c949f27361e,sanctioned,GARANTEX EUROPE OU,published,ofac,"OFAC SDN uid 36025; programs CYBER4,RUSSIA-EO14024; ETH; list of 10/02/2026"
bsc,0x7ced75026204ac29c34bea98905d4c949f27361e,sanctioned,GARANTEX EUROPE OU,published,ofac,"OFAC SDN uid 36025; programs CYBER4,RUSSIA-EO14024; ETH; list of 10/02/2026"
tron,TFwjPScaJRCbSWVAywE1S1WgaUgSnyYUbD,sanctioned,GARANTEX EUROPE OU,published,ofac,"OFAC SDN uid 36025; programs CYBER4,RUSSIA-EO14024; TRX; list of 10/02/2026"
tron,TJkBr9TZ1xBeJoF7RNWqyEMbYqVJ6fXXHR,sanctioned,GARANTEX EUROPE OU,published,ofac,"OFAC SDN uid 36025; programs CYBER4,RUSSIA-EO14024; TRX; list of 10/02/2026"
tron,TNDjh6WGLYyWmkh8vfu42bXVHUqFNQ3rDq,sanctioned,GARANTEX EUROPE OU,published,ofac,"OFAC SDN uid 36025; programs CYBER4,RUSSIA-EO14024; TRX; list of 10/02/2026"
bitcoin,3K4rjdh8A5yi6LWvft2rbmyZvqEbPSSSX4,sanctioned,HYDRA MARKET,published,ofac,OFAC SDN uid 36216; programs CYBER2; XBT; list of 10/02/2026
bitcoin,17mhyeBX617ABZ1ffThhUTJkHUcMvCkfd5,sanctioned,HYDRA MARKET,published,ofac,OFAC SDN uid 36216; programs CYBER2; XBT; list of 10/02/2026
bitcoin,35qwVtMEohWDdBWRiCSR7azoP5cbY8SG1Q,sanctioned,HYDRA MARKET,published,ofac,OFAC SDN uid 36216; programs CYBER2; XBT; list of 10/02/2026
bitcoin,35KAdTa2vqnJzitF2xiUzZn1Gmcas2Y465,sanctioned,HYDRA MARKET,published,ofac,OFAC SDN uid 36216; programs CYBER2; XBT; list of 10/02/2026
bitcoin,35LScRJ8hzDvvWh9t9UA8bHGnGNVz3YEfa,sanctioned,HYDRA MARKET,published,ofac,OFAC SDN uid 36216; programs CYBER2; XBT; list of 10/02/2026
bitcoin,1PJp8diNa89cVHpiT1VPu7EQ8LxYM5HX6v,sanctioned,HYDRA MARKET,published,ofac,OFAC SDN uid 36216; programs CYBER2; XBT; list of 10/02/2026
bitcoin,17V7THwHMiDJmDwZK4unhE5HgKFJKx7VCe,sanctioned,HYDRA MARKET,published,ofac,OFAC SDN uid 36216; programs CYBER2; XBT; list of 10/02/2026
bitcoin,3PiCnZrBvGfWAKQ9hr4cCpfaDjy64yNSpE,sanctioned,HYDRA MARKET,published,ofac,OFAC SDN uid 36216; programs CYBER2; XBT; list of 10/02/2026
bitcoin,14gM1HuLVDELNHaFU22qpabjtiWek4HhV1,sanctioned,HYDRA MARKET,published,ofac,OFAC SDN uid 36216; programs CYBER2; XBT; list of 10/02/2026
bitcoin,1GYuu9d5HPikafbys3k5Q3DRJq6debGsoB,sanctioned,HYDRA MARKET,published,ofac,OFAC SDN uid 36216; programs CYBER2; XBT; list of 10/02/2026
bitcoin,3GXdtA6kbb4M5aqzZm5qqxcFDFRMW8LqdJ,sanctioned,HYDRA MARKET,published,ofac,OFAC SDN uid 36216; programs CYBER2; XBT; list of 10/02/2026
bitcoin,1B11Ezqg3AXjFhMdRq5UpPDpNyriYNVtkn,sanctioned,HYDRA MARKET,published,ofac,OFAC SDN uid 36216; programs CYBER2; XBT; list of 10/02/2026
bitcoin,16SPDQFFzgsoNSPiFFTfS8Dw8LLXqia4oc,sanctioned,HYDRA MARKET,published,ofac,OFAC SDN uid 36216; programs CYBER2; XBT; list of 10/02/2026
bitcoin,19pPbUDvoSBZafkUCYkD2Z9AkuqqV6sWm7,sanctioned,HYDRA MARKET,published,ofac,OFAC SDN uid 36216; programs CYBER2; XBT; list of 10/02/2026
bitcoin,3BQACtiMXYB9JpUMpkEWt9m8BzswpGHq4X,sanctioned,HYDRA MARKET,published,ofac,OFAC SDN uid 36216; programs CYBER2; XBT; list of 10/02/2026
bitcoin,1DGsY4ww3BJnWXTsnmTgWa6UWdoRXgA1pX,sanctioned,HYDRA MARKET,published,ofac,OFAC SDN uid 36216; programs CYBER2; XBT; list of 10/02/2026
bitcoin,1GcKLUUXodTQcLcPD7VLMgvCc4hs5Q775,sanctioned,HYDRA MARKET,published,ofac,OFAC SDN uid 36216; programs CYBER2; XBT; list of 10/02/2026
bitcoin,1EvhBad5wCZYhBoAsGaciV6AvmZ1osLpeJ,sanctioned,HYDRA MARKET,published,ofac,OFAC SDN uid 36216; programs CYBER2; XBT; list of 10/02/2026
bitcoin,bc1qsmv6lkrw65l30yazdqpdjjtwzpvk9f8gfh0cy7,sanctioned,HYDRA MARKET,published,ofac,OFAC SDN uid 36216; programs CYBER2; XBT; list of 10/02/2026
bitcoin,bc1qs9u6j78e3utj08mwvqkkmqm9de5xk3g4yh8qtq,sanctioned,HYDRA MARKET,published,ofac,OFAC SDN uid 36216; programs CYBER2; XBT; list of 10/02/2026
bitcoin,12VrYZgS1nmf9KHHped24xBb1aLLRpV2cT,sanctioned,HYDRA MARKET,published,ofac,OFAC SDN uid 36216; programs CYBER2; XBT; list of 10/02/2026
bitcoin,bc1q202ajnhxgg9d9jjczmg0g4usp6haqldyy2eakl,sanctioned,HYDRA MARKET,published,ofac,OFAC SDN uid 36216; programs CYBER2; XBT; list of 10/02/2026
bitcoin,1NbGwQwt4uEhg2srAKppLf8QaF6fbp3PZG,sanctioned,HYDRA MARKET,published,ofac,OFAC SDN uid 36216; programs CYBER2; XBT; list of 10/02/2026
bitcoin,13LQJQ1oJ9K7PsqsGfjNhoVv6UeU6hgzQz,sanctioned,HYDRA MARKET,published,ofac,OFAC SDN uid 36216; programs CYBER2; XBT; list of 10/02/2026
bitcoin,1CG1aSCxUnbmv9G34ofxTQoHtuVnMLJtQV,sanctioned,HYDRA MARKET,published,ofac,OFAC SDN uid 36216; programs CYBER2; XBT; list of 10/02/2026
bitcoin,3Kp8Qc5z7yevDeoQxhS5RSSKnEi5x7AQ43,sanctioned,HYDRA MARKET,published,ofac,OFAC SDN uid 36216; programs CYBER2; XBT; list of 10/02/2026
bitcoin,331TS6DyASY7iU5CRA8UryBnkPS78fP2B1,sanctioned,HYDRA MARKET,published,ofac,OFAC SDN uid 36216; programs CYBER2; XBT; list of 10/02/2026
bitcoin,1NvJm3jfZxENNyqws5BKQvhkLxg9chLJdo,sanctioned,HYDRA MARKET,published,ofac,OFAC SDN uid 36216; programs CYBER2; XBT; list of 10/02/2026
bitcoin,1Licqjca74n8pmNaoARXLLqcTUTHFpxbXH,sanctioned,HYDRA MARKET,published,ofac,OFAC SDN uid 36216; programs CYBER2; XBT; list of 10/02/2026
bitcoin,175BUqf8JCU1uoG1iTRKTacDa4uvJDUCw2,sanctioned,HYDRA MARKET,published,ofac,OFAC SDN uid 36216; programs CYBER2; XBT; list of 10/02/2026
bitcoin,1ANpca7g93BwptUJg1zV116v49zn9gjDi3,sanctioned,HYDRA MARKET,published,ofac,OFAC SDN uid 36216; programs CYBER2; XBT; list of 10/02/2026
bitcoin,1BCWMwpR4M1nYUuuYe2bmzrNuwGoF9ZAbA,sanctioned,HYDRA MARKET,published,ofac,OFAC SDN uid 36216; programs CYBER2; XBT; list of 10/02/2026
bitcoin,18cFGAdYcvNHkuhXLBE7izQKCyUW8TzCJE,sanctioned,HYDRA MARKET,published,ofac,OFAC SDN uid 36216; programs CYBER2; XBT; list of 10/02/2026
bitcoin,1QHxyuLGRMHfbNPJikV4Dwhfx45HWfUMWB,sanctioned,HYDRA MARKET,published,ofac,OFAC SDN uid 36216; programs CYBER2; XBT; list of 10/02/2026
bitcoin,1GnFTy5F9qi5MfaRZfgdg2jkyT5xtAHvd8,sanctioned,HYDRA MARKET,published,ofac,OFAC SDN uid 36216; programs CYBER2; XBT; list of 10/02/2026
bitcoin,bc1quyc6j8ca84q9gjej5jjd2n8hra0vfu0j60fefs57p6e5rerkq07q0l5u3w,sanctioned,HYDRA MARKET,published,ofac,OFAC SDN uid 36216; programs CYBER2; XBT; list of 10/02/2026
bitcoin,16p2UWTZwXRyK5bTHNVjdDyy1D3EQGsZf2,sanctioned,HYDRA MARKET,published,ofac,OFAC SDN uid 36216; programs CYBER2; XBT; list of 10/02/2026
bitcoin,1CddRqw7oSPrT4tt5oXKyx2LiHJDPszy7y,sanctioned,HYDRA MARKET,published,ofac,OFAC SDN uid 36216; programs CYBER2; XBT; list of 10/02/2026
bitcoin,1Hhe61Bwxs8Hd2WxzWY9FQyZicBiZGeSNW,sanctioned,HYDRA MARKET,published,ofac,OFAC SDN uid 36216; programs CYBER2; XBT; list of 10/02/2026
bitcoin,1D3GuaS9eqKw8dWj9JFQtNufdRtysjSLxZ,sanctioned,HYDRA MARKET,published,ofac,OFAC SDN uid 36216; programs CYBER2; XBT; list of 10/02/2026
bitcoin,1PWRKxkR5AU7Tc9zPqjdhtu1eGW1QZzs4y,sanctioned,HYDRA MARKET,published,ofac,OFAC SDN uid 36216; programs CYBER2; XBT; list of 10/02/2026
bitcoin,1D1ej7zQzywWBDNXKNYpmH7Hso2U9koDG4,sanctioned,HYDRA MARKET,published,ofac,OFAC SDN uid 36216; programs CYBER2; XBT; list of 10/02/2026
bitcoin,3KGQ3hX6eFYtBjTBFSdvdkzHmwZyYWLRQh,sanctioned,HYDRA MARKET,published,ofac,OFAC SDN uid 36216; programs CYBER2; XBT; list of 10/02/2026
bitcoin,1LKE3XA9bf5JFqtGtCHzWj5QGxKGwMfXZw,sanctioned,HYDRA MARKET,published,ofac,OFAC SDN uid 36216; programs CYBER2; XBT; list of 10/02/2026
bitcoin,1MtsQsw6n2jvJCWhpCw7jifTfD9Q3rBBVg,sanctioned,HYDRA MARKET,published,ofac,OFAC SDN uid 36216; programs CYBER2; XBT; list of 10/02/2026
bitcoin,1KkaKujnqwJf7Cbm7JKAZGF3X9d4685m8n,sanctioned,HYDRA MARKET,published,ofac,OFAC SDN uid 36216; programs CYBER2; XBT; list of 10/02/2026
bitcoin,1Ge8JodC2HiBiEuT7D3MoH6Fak6XrcT9Kf,sanctioned,HYDRA MARKET,published,ofac,OFAC SDN uid 36216; programs CYBER2; XBT; list of 10/02/2026
bitcoin,bc1qsmqpalp3gtgkltag4x3ygevmhh9y2hzk73t2ug,sanctioned,HYDRA MARKET,published,ofac,OFAC SDN uid 36216; programs CYBER2; XBT; list of 10/02/2026
bitcoin,1E9uUnLbyfToazo95vmM3ysYnzgkrL7GeC,sanctioned,HYDRA MARKET,published,ofac,OFAC SDN uid 36216; programs CYBER2; XBT; list of 10/02/2026
bitcoin,1HH8eiuaTMucTNyvGCUmAvmCZCtdMi8SqK,sanctioned,HYDRA MARKET,published,ofac,OFAC SDN uid 36216; programs CYBER2; XBT; list of 10/02/2026
bitcoin,19FQzHibWDhSP8pKmJS3uagFYoisXtehzw,sanctioned,HYDRA MARKET,published,ofac,OFAC SDN uid 36216; programs CYBER2; XBT; list of 10/02/2026
bitcoin,3DLGfN7hgsWXXSp9euXcnmWXLpFQuswW2t,sanctioned,HYDRA MARKET,published,ofac,OFAC SDN uid 36216; programs CYBER2; XBT; list of 10/02/2026
bitcoin,1PXxwPVtYxZiCRp9LKq7aKMDFrhAQztvUE,sanctioned,HYDRA MARKET,published,ofac,OFAC SDN uid 36216; programs CYBER2; XBT; list of 10/02/2026
bitcoin,1Q4tJjH2aBr3AJrzxqa4Z3jPpf5SDgF4jK,sanctioned,HYDRA MARKET,published,ofac,OFAC SDN uid 36216; programs CYBER2; XBT; list of 10/02/2026
bitcoin,1PYtgFS2t6i57WdDvbRa7kPcsagGMBxzfg,sanctioned,HYDRA MARKET,published,ofac,OFAC SDN uid 36216; programs CYBER2; XBT; list of 10/02/2026
bitcoin,16ZSAEfYpPCj3D94fsNt2okYj9Ue8mxy6T,sanctioned,HYDRA MARKET,published,ofac,OFAC SDN uid 36216; programs CYBER2; XBT; list of 10/02/2026
bitcoin,bc1qvlzfn6kmezv44d8kw0p5jsmxe6wchv3zc7gsxs,sanctioned,HYDRA MARKET,published,ofac,OFAC SDN uid 36216; programs CYBER2; XBT; list of 10/02/2026
bitcoin,3QVyoH4u3qT88uChAeJVhfB3r6maZt431y,sanctioned,HYDRA MARKET,published,ofac,OFAC SDN uid 36216; programs CYBER2; XBT; list of 10/02/2026
bitcoin,1FFS6pX1TCKTNy668Mbk2Lyoem1qB48kYX,sanctioned,HYDRA MARKET,published,ofac,OFAC SDN uid 36216; programs CYBER2; XBT; list of 10/02/2026
bitcoin,1Dpddb1TMjvmNQeYDqgyd1ww6cmwPJRdSk,sanctioned,HYDRA MARKET,published,ofac,OFAC SDN uid 36216; programs CYBER2; XBT; list of 10/02/2026
bitcoin,3AjiWiUdKB5mcGUSS9mBeoHCeYJw3Zo8r6,sanctioned,HYDRA MARKET,published,ofac,OFAC SDN uid 36216; programs CYBER2; XBT; list of 10/02/2026
bitcoin,1EtMuBPQnPCa3cecerdSH1SzydxnhbTmw,sanctioned,HYDRA MARKET,published,ofac,OFAC SDN uid 36216; programs CYBER2; XBT; list of 10/02/2026
bitcoin,3CCmt5LjQ5yKkaFY1DWC2SbERVEtWRnSRD,sanctioned,HYDRA MARKET,published,ofac,OFAC SDN uid 36216; programs CYBER2; XBT; list of 10/02/2026
bitcoin,1MQBDeRWsiJBf7K1VGjJ7PWEL6GJXMfmLg,sanctioned,HYDRA MARKET,published,ofac,OFAC SDN uid 36216; programs CYBER2; XBT; list of 10/02/2026
bitcoin,1MbtT2ZsTtLp7EKZUV9r74cTyqvsMtTP2M,sanctioned,HYDRA MARKET,published,ofac,OFAC SDN uid 36216; programs CYBER2; XBT; list of 10/02/2026
bitcoin,36yS87PLuW7sErLg1TY26WzaVarTim7AcC,sanctioned,HYDRA MARKET,published,ofac,OFAC SDN uid 36216; programs CYBER2; XBT; list of 10/02/2026
bitcoin,3AYU365Tcjef7j9pdKF9Xe8rWpEpsH196t,sanctioned,HYDRA MARKET,published,ofac,OFAC SDN uid 36216; programs CYBER2; XBT; list of 10/02/2026
bitcoin,148LKmyZT3FGE4x1GjsFN6RsAwcjzk5iuE,sanctioned,HYDRA MARKET,published,ofac,OFAC SDN uid 36216; programs CYBER2; XBT; list of 10/02/2026
bitcoin,16EKTes8ahD8xvwisqjc2xSNLiG3fDHatW,sanctioned,HYDRA MARKET,published,ofac,OFAC SDN uid 36216; programs CYBER2; XBT; list of 10/02/2026
bitcoin,3GuQjr7kkrR5EjpanMgyAuxuLgrjEUwe21,sanctioned,HYDRA MARKET,published,ofac,OFAC SDN uid 36216; programs CYBER2; XBT; list of 10/02/2026
bitcoin,35eanEz5iYg2eYaxCtMrR4SCoypFqrBWUH,sanctioned,HYDRA MARKET,published,ofac,OFAC SDN uid 36216; programs CYBER2; XBT; list of 10/02/2026
bitcoin,3QWUdP5taP4GrRuueVDud1eWetb7hc3wDH,sanctioned,HYDRA MARKET,published,ofac,OFAC SDN uid 36216; programs CYBER2; XBT; list of 10/02/2026
bitcoin,3Czhm6xqn8odwz6jgTcjRrUjog28v6aVS8,sanctioned,HYDRA MARKET,published,ofac,OFAC SDN uid 36216; programs CYBER2; XBT; list of 10/02/2026
bitcoin,1F7UL41qYm6TvnExZzPHBCyeENvX3XDEMS,sanctioned,HYDRA MARKET,published,ofac,OFAC SDN uid 36216; programs CYBER2; XBT; list of 10/02/2026
bitcoin,123WBUDmSJv4GctdVEz6Qq6z8nXSKrJ4KX,sanctioned,HYDRA MARKET,published,ofac,OFAC SDN uid 36216; programs CYBER2; XBT; list of 10/02/2026
bitcoin,3BCN3WgMRJwULTz1vsEQ7NZrBjwaUBf5Ca,sanctioned,HYDRA MARKET,published,ofac,OFAC SDN uid 36216; programs CYBER2; XBT; list of 10/02/2026
bitcoin,35SwVFxosV3AsvnrBfzdXarqavRbvDyyxv,sanctioned,HYDRA MARKET,published,ofac,OFAC SDN uid 36216; programs CYBER2; XBT; list of 10/02/2026
bitcoin,32pCmCWEjwhkLwh5BgLNAeBQFp5Gi1hv81,sanctioned,HYDRA MARKET,published,ofac,OFAC SDN uid 36216; programs CYBER2; XBT; list of 10/02/2026
bitcoin,1G64TFMFVJTjhJXra6x74BBhsfSyiWaFtT,sanctioned,HYDRA MARKET,published,ofac,OFAC SDN uid 36216; programs CYBER2; XBT; list of 10/02/2026
bitcoin,1A3iYY4c3dkgNYGewzYzr7EsqfBuWXibGo,sanctioned,HYDRA MARKET,published,ofac,OFAC SDN uid 36216; programs CYBER2; XBT; list of 10/02/2026
bitcoin,3GAUBtrTtWp1D9yeXgr3wMg8B599QHa5m5,sanctioned,HYDRA MARKET,published,ofac,OFAC SDN uid 36216; programs CYBER2; XBT; list of 10/02/2026
bitcoin,3HJN4jRa4mdfkey9JR9jUhr86yPwL86A3C,sanctioned,HYDRA MARKET,published,ofac,OFAC SDN uid 36216; programs CYBER2; XBT; list of 10/02/2026
bitcoin,1EuUMPBCZtSd5pVVFEqmRqUSfU1qy6ASuL,sanctioned,HYDRA MARKET,published,ofac,OFAC SDN uid 36216; programs CYBER2; XBT; list of 10/02/2026
bitcoin,1Pu1nAW7kCoSMThMs8QcpM8JxuByQDZgH,sanctioned,HYDRA MARKET,published,ofac,OFAC SDN uid 36216; programs CYBER2; XBT; list of 10/02/2026
bitcoin,3QnWE5GVfQu3wVav91RuFkqip4Ti4NWqAY,sanctioned,HYDRA MARKET,published,ofac,OFAC SDN uid 36216; programs CYBER2; XBT; list of 10/02/2026
bitcoin,1CNbhgxGRZvsWnEHotfXge7k2E1UPzBDC7,sanctioned,HYDRA MARKET,published,ofac,OFAC SDN uid 36216; programs CYBER2; XBT; list of 10/02/2026
bitcoin,3HSZc4BLnQBznjSq7JvXgqNCZUUs3M9fZz,sanctioned,HYDRA MARKET,published,ofac,OFAC SDN uid 36216; programs CYBER2; XBT; list of 10/02/2026
bitcoin,37dDBCexFPraKW4jGSqkE3NyG52YeZQbJx,sanctioned,HYDRA MARKET,published,ofac,OFAC SDN uid 36216; programs CYBER2; XBT; list of 10/02/2026
bitcoin,1H8sDTTgJPBKw83EBZDLhXvetCbxZUMMZM,sanctioned,HYDRA MARKET,published,ofac,OFAC SDN uid 36216; programs CYBER2; XBT; list of 10/02/2026
bitcoin,1BvJRBRp9ZZ6zLyuZaZsV7g3xP6JokdZQW,sanctioned,HYDRA MARKET,published,ofac,OFAC SDN uid 36216; programs CYBER2; XBT; list of 10/02/2026
bitcoin,bc1q237mvl0heyw0r38wd3xz8h5mar96rrwpams8pp,sanctioned,HYDRA MARKET,published,ofac,OFAC SDN uid 36216; programs CYBER2; XBT; list of 10/02/2026
bitcoin,34dxZvijpBM1YkPybczbQ7DuGuKAnULdfS,sanctioned,HYDRA MARKET,published,ofac,OFAC SDN uid 36216; programs CYBER2; XBT; list of 10/02/2026
bitcoin,1GkLN7DbA9mAtHNzQWNPANcdWbefaz4Gzm,sanctioned,HYDRA MARKET,published,ofac,OFAC SDN uid 36216; programs CYBER2; XBT; list of 10/02/2026
bitcoin,13hfsQm6oCaDZehfYBSMFiJVAi1jsL6sQd,sanctioned,HYDRA MARKET,published,ofac,OFAC SDN uid 36216; programs CYBER2; XBT; list of 10/02/2026
bitcoin,1Sf6e4xQv8muMZqYPTdRFf3e5o5eWcg9F,sanctioned,HYDRA MARKET,published,ofac,OFAC SDN uid 36216; programs CYBER2; XBT; list of 10/02/2026
bitcoin,bc1qj6j6p0jdefl6pvdzx3kx8245yy5mz6q4luhzes,sanctioned,HYDRA MARKET,published,ofac,OFAC SDN uid 36216; programs CYBER2; XBT; list of 10/02/2026
bitcoin,1B3u21itzjgKtm7QsNQNCBpSkwzzeDHqrW,sanctioned,HYDRA MARKET,published,ofac,OFAC SDN uid 36216; programs CYBER2; XBT; list of 10/02/2026
bitcoin,3JhPsVV3KnL9dBYGSZALS9EbrLr97R865a,sanctioned,HYDRA MARKET,published,ofac,OFAC SDN uid 36216; programs CYBER2; XBT; list of 10/02/2026
bitcoin,bc1qqf8kcc9m57xjqcvsvuf989nnl48ve6d2s24cx3,sanctioned,HYDRA MARKET,published,ofac,OFAC SDN uid 36216; programs CYBER2; XBT; list of 10/02/2026
bitcoin,1HuYfoEwsfHgZiRhbhJrCd5ST3iksa8KEx,sanctioned,HYDRA MARKET,published,ofac,OFAC SDN uid 36216; programs CYBER2; XBT; list of 10/02/2026
bitcoin,1J9wJH2bamZVxscXAvoDH4jvtGKb7sYFDm,sanctioned,HYDRA MARKET,published,ofac,OFAC SDN uid 36216; programs CYBER2; XBT; list of 10/02/2026
bitcoin,34WWXwFKAsXL9zYxbeNPaPV6vDamkjQLUo,sanctioned,HYDRA MARKET,published,ofac,OFAC SDN uid 36216; programs CYBER2; XBT; list of 10/02/2026
bitcoin,3PDmRwotTkRAFRLGTUrucCERp2JdM1q4ar,sanctioned,HYDRA MARKET,published,ofac,OFAC SDN uid 36216; programs CYBER2; XBT; list of 10/02/2026
bitcoin,3AFcE2mbSSndcpYFgHoExSmjUc26ef2gQh,sanctioned,HYDRA MARKET,published,ofac,OFAC SDN uid 36216; programs CYBER2; XBT; list of 10/02/2026
bitcoin,3P6PzdfETr4275Gn3veLkCyDxA1jV8fHKm,sanctioned,HYDRA MARKET,published,ofac,OFAC SDN uid 36216; programs CYBER2; XBT; list of 10/02/2026
bitcoin,3HRExd8GKFskZC5inmVcpiyy9UWG7FVa6o,sanctioned,HYDRA MARKET,published,ofac,OFAC SDN uid 36216; programs CYBER2; XBT; list of 10/02/2026
bitcoin,3MP7yBGSW2gkXVRE8S84T2j4KVgPh3rEzv,sanctioned,HYDRA MARKET,published,ofac,OFAC SDN uid 36216; programs CYBER2; XBT; list of 10/02/2026
bitcoin,1K2fmE9hfhbRNSZoBvCBWZAvsS5idTUxBG,sanctioned,HYDRA MARKET,published,ofac,OFAC SDN uid 36216; programs CYBER2; XBT; list of 10/02/2026
bitcoin,3ES6pqCueDPCnC4hCqhhYuey6gyiRJZw6E,sanctioned,HYDRA MARKET,published,ofac,OFAC SDN uid 36216; programs CYBER2; XBT; list of 10/02/2026
bitcoin,3KvBX3jo69Qn8jHy44M33RYoeYcf8DdRBD,sanctioned,HYDRA MARKET,published,ofac,OFAC SDN uid 36216; programs CYBER2; XBT; list of 10/02/2026
bitcoin,3K26aMKmnrv97Pj6YiFcqiXk2LxeHfhnG3,sanctioned,HYDRA MARKET,published,ofac,OFAC SDN uid 36216; programs CYBER2; XBT; list of 10/02/2026
bitcoin,3BWP6ZQAhc4j5wR1b95zJAthJEFvhdees7,sanctioned,HYDRA MARKET,published,ofac,OFAC SDN uid 36216; programs CYBER2; XBT; list of 10/02/2026
bitcoin,3JuSgFrwnrNfuhvR4GpWAPmeJVot4xrEae,sanctioned,HYDRA MARKET,published,ofac,OFAC SDN uid 36216; programs CYBER2; XBT; list of 10/02/2026
bitcoin,1DKGRGJXGNLAtTeFb9SNPNHtrkZ87q7qKi,sanctioned,HYDRA MARKET,published,ofac,OFAC SDN uid 36216; programs CYBER2; XBT; list of 10/02/2026
bitcoin,361AkMKNNWYwZRsCE8pPNmoh5aQf4V7g4p,sanctioned,HYDRA MARKET,published,ofac,OFAC SDN uid 36216; programs CYBER2; XBT; list of 10/02/2026
bitcoin,33fWcMdmsB2Ey4CEbVWbjGFkuevBSyP9nG,sanctioned,HYDRA MARKET,published,ofac,OFAC SDN uid 36216; programs CYBER2; XBT; list of 10/02/2026
bitcoin,35aTjkBh4yeTypJsi9nuTdoMKHTsawKVgX,sanctioned,HYDRA MARKET,published,ofac,OFAC SDN uid 36216; programs CYBER2; XBT; list of 10/02/2026
bitcoin,3K35dyL85fR9ht7UgzPfd1gLRRXQtNTqE3,sanctioned,BLENDER.IO,published,ofac,OFAC SDN uid 37070; programs CYBER2; XBT; list of 10/02/2026
bitcoin,3Q5dGfLKkWqWSwYtbMUyc8xGjN5LrRviK4,sanctioned,BLENDER.IO,published,ofac,OFAC SDN uid 37070; programs CYBER2; XBT; list of 10/02/2026
bitcoin,3EPqGUw2q89pwPZ1UF8FJspE2AyojSTjdu,sanctioned,BLENDER.IO,published,ofac,OFAC SDN uid 37070; programs CYBER2; XBT; list of 10/02/2026
bitcoin,3LhnVMcBq4gsR7aDaRr9XmUo17CuYBV4FN,sanctioned,BLENDER.IO,published,ofac,OFAC SDN uid 37070; programs CYBER2; XBT; list of 10/02/2026
bitcoin,3F6bbvS1krsc1qR8FsbTDfYQyvkMm3QvmR,sanctioned,BLENDER.IO,published,ofac,OFAC SDN uid 37070; programs CYBER2; XBT; list of 10/02/2026
bitcoin,3JHMz3mTna1gVCZSPp8NgRFiY7phkv5mA8,sanctioned,BLENDER.IO,published,ofac,OFAC SDN uid 37070; programs CYBER2; XBT; list of 10/02/2026
bitcoin,32DaxSzUhLBHY2WGSWQYiBSHnRsfQZrrRp,sanctioned,BLENDER.IO,published,ofac,OFAC SDN uid 37070; programs CYBER2; XBT; list of 10/02/2026
bitcoin,3MTRvM5QrYZHKo8gh5qKcrPK3RLjxcDCZE,sanctioned,BLENDER.IO,published,ofac,OFAC SDN uid 37070; programs CYBER2; XBT; list of 10/02/2026
bitcoin,34pFGsSYbWEritXncW9unZtQQE9dKSvKku,sanctioned,BLENDER.IO,published,ofac,OFAC SDN uid 37070; programs CYBER2; XBT; list of 10/02/2026
bitcoin,38ncxqt932N9CcfNfYuHGZgCyR85hDkWBW,sanctioned,BLENDER.IO,published,ofac,OFAC SDN uid 37070; programs CYBER2; XBT; list of 10/02/2026
bitcoin,3MD3riFB6U8PykypF6qkvSj8R2SGdUDPn3,sanctioned,BLENDER.IO,published,ofac,OFAC SDN uid 37070; programs CYBER2; XBT; list of 10/02/2026
bitcoin,3JUwAS7seL3fh5hxWh9fu3HCiEzjuQLTfg,sanctioned,BLENDER.IO,published,ofac,OFAC SDN uid 37070; programs CYBER2; XBT; list of 10/02/2026
bitcoin,3EUjqe9UpmyXCFd6jeu69hoTzndMRfxw9M,sanctioned,BLENDER.IO,published,ofac,OFAC SDN uid 37070; programs CYBER2; XBT; list of 10/02/2026
bitcoin,3QEjBiPzw6WZUL4MYMmMU6DY1Y25aVbpQu,sanctioned,BLENDER.IO,published,ofac,OFAC SDN uid 37070; programs CYBER2; XBT; list of 10/02/2026
bitcoin,3N3YSDvp4cbhEgNGabQxTN39kEzJmwG8Ah,sanctioned,BLENDER.IO,published,ofac,OFAC SDN uid 37070; programs CYBER2; XBT; list of 10/02/2026
bitcoin,3J19qffPT6mxQUcV6k5yVURGZtdhpdGr4y,sanctioned,BLENDER.IO,published,ofac,OFAC SDN uid 37070; programs CYBER2; XBT; list of 10/02/2026
bitcoin,33KKjn4exdBJQkTtdWxqpdVsWxrw3LareG,sanctioned,BLENDER.IO,published,ofac,OFAC SDN uid 37070; programs CYBER2; XBT; list of 10/02/2026
bitcoin,3GSXNXzyCDoQ1Rhsc7F1jjjFe7DGcHHdcM,sanctioned,BLENDER.IO,published,ofac,OFAC SDN uid 37070; programs CYBER2; XBT; list of 10/02/2026
bitcoin,3QJyT8nThEQakbfqgX86YjCK1Sp9hfNCUW,sanctioned,BLENDER.IO,published,ofac,OFAC SDN uid 37070; programs CYBER2; XBT; list of 10/02/2026
bitcoin,35hh9dg3wSvUJz9vFk1FsezLE5Fx3Hudk2,sanctioned,BLENDER.IO,published,ofac,OFAC SDN uid 37070; programs CYBER2; XBT; list of 10/02/2026
bitcoin,3NDzzVxiLBUs1WPvVGRfCYDTAD2Ua2PvW4,sanctioned,BLENDER.IO,published,ofac,OFAC SDN uid 37070; programs CYBER2; XBT; list of 10/02/2026
bitcoin,3DCCgmyKozcZkFBzYb1A2x8abZCpAUTPPk,sanctioned,BLENDER.IO,published,ofac,OFAC SDN uid 37070; programs CYBER2; XBT; list of 10/02/2026
bitcoin,3MvQ4gThF4mmuo49p4dBNchcmFHBRZnYfx,sanctioned,BLENDER.IO,published,ofac,OFAC SDN uid 37070; programs CYBER2; XBT; list of 10/02/2026
bitcoin,3FBgeJdhiBe22UoSpp51Vd8dPHVa2A4wZX,sanctioned,BLENDER.IO,published,ofac,OFAC SDN uid 37070; programs CYBER2; XBT; list of 10/02/2026
bitcoin,3HQDRyzwm82MFmLWtmyikDM9JQEtVT6vAp,sanctioned,BLENDER.IO,published,ofac,OFAC SDN uid 37070; programs CYBER2; XBT; list of 10/02/2026
bitcoin,31t4nEpcwyQJT1VuXdAoQZTT5givRDPsNP,sanctioned,BLENDER.IO,published,ofac,OFAC SDN uid 37070; programs CYBER2; XBT; list of 10/02/2026
bitcoin,39AALn7eTjdPzLb99hHhD6F7J8QWB3R2Rd,sanctioned,BLENDER.IO,published,ofac,OFAC SDN uid 37070; programs CYBER2; XBT; list of 10/02/2026
bitcoin,3LDbNuDkKmLae5r3a5icPA5CQg2Y8F7ogW,sanctioned,BLENDER.IO,published,ofac,OFAC SDN uid 37070; programs CYBER2; XBT; list of 10/02/2026
bitcoin,3JLyyLbwciWAC6re87D7mRknXakR4YbnUd,sanctioned,BLENDER.IO,published,ofac,OFAC SDN uid 37070; programs CYBER2; XBT; list of 10/02/2026
bitcoin,3ANWhUnHujdwbw2jEuGSRH6bvFsD9BqEy9,sanctioned,BLENDER.IO,published,ofac,OFAC SDN uid 37070; programs CYBER2; XBT; list of 10/02/2026
bitcoin,32fbAZMTaQxNd2fAue1PgsiPgWfcsHBQQt,sanctioned,BLENDER.IO,published,ofac,OFAC SDN uid 37070; programs CYBER2; XBT; list of 10/02/2026
bitcoin,3HupEUfKmMhvhXqf8TMoPAyqDcRC1kpe65,sanctioned,BLENDER.IO,published,ofac,OFAC SDN uid 37070; programs CYBER2; XBT; list of 10/02/2026
bitcoin,34kEYgpijvCmjvahRXXQEnBH76UGJVx2wg,sanctioned,BLENDER.IO,published,ofac,OFAC SDN uid 37070; programs CYBER2; XBT; list of 10/02/2026
bitcoin,3GYbbYkvqvjF5oYhaKCgQYCvcVE1JENk6J,sanctioned,BLENDER.IO,published,ofac,OFAC SDN uid 37070; programs CYBER2; XBT; list of 10/02/2026
bitcoin,3BazbaTP8ELJUEfPBV9z5HXEdgBziV9p7W,sanctioned,BLENDER.IO,published,ofac,OFAC SDN uid 37070; programs CYBER2; XBT; list of 10/02/2026
bitcoin,3GMfGEDYMTq9G8dEHet1zLtUFJwYwSNa3Y,sanctioned,BLENDER.IO,published,ofac,OFAC SDN uid 37070; programs CYBER2; XBT; list of 10/02/2026
bitcoin,38LjCapRrJEW7w2zwbyS15P9D9UGPjWS44,sanctioned,BLENDER.IO,published,ofac,OFAC SDN uid 37070; programs CYBER2; XBT; list of 10/02/2026
bitcoin,36XqYWGvUQwBrYLRVuegN4pJJJSPWL1WEu,sanctioned,BLENDER.IO,published,ofac,OFAC SDN uid 37070; programs CYBER2; XBT; list of 10/02/2026
bitcoin,37g6WgqedzZx6nx51tYgssNG8Hnknyj5nL,sanctioned,BLENDER.IO,published,ofac,OFAC SDN uid 37070; programs CYBER2; XBT; list of 10/02/2026
bitcoin,3QAdoc1rDCt8dii1GVPJXvvK6CEJLzCRZw,sanctioned,BLENDER.IO,published,ofac,OFAC SDN uid 37070; programs CYBER2; XBT; list of 10/02/2026
bitcoin,32PsiT8itBrEF84ebdaF82yBUEcz5Wc6uY,sanctioned,BLENDER.IO,published,ofac,OFAC SDN uid 37070; programs CYBER2; XBT; list of 10/02/2026
bitcoin,3B4G1M8eF3cThbeMwhEWkKzczw9QoNTGak,sanctioned,BLENDER.IO,published,ofac,OFAC SDN uid 37070; programs CYBER2; XBT; list of 10/02/2026
bitcoin,34ETiHfQWEYFCCaXmEeQWVmhFH5vz2JMvd,sanctioned,BLENDER.IO,published,ofac,OFAC SDN uid 37070; programs CYBER2; XBT; list of 10/02/2026
bitcoin,3PyzSbFj3hbQQjTzDzyLSgvFVDjB7yw4Cj,sanctioned,BLENDER.IO,published,ofac,OFAC SDN uid 37070; programs CYBER2; XBT; list of 10/02/2026
bitcoin,15PggTG7YhJKiE6B16vkKzA1YDTZipXEX4,sanctioned,BLENDER.IO,published,ofac,OFAC SDN uid 37070; programs CYBER2; XBT; list of 10/02/2026
bitcoin,1H939dom7i4WDLCKyGbXUp3fs9CSTNRzgL,sanctioned,Ahmad KHATIBI AGHADA,published,ofac,"OFAC SDN uid 38419; programs CYBER2,IFSR,IRGC; XBT; list of 10/02/2026"
bitcoin,bc1q3y5v2khlyvemcz042wl98dzflywr8ghglqws6s,sanctioned,Ahmad KHATIBI AGHADA,published,ofac,"OFAC SDN uid 38419; programs CYBER2,IFSR,IRGC; XBT; list of 10/02/2026"
bitcoin,bc1qx3e2axj3wsfn0ndtvlwmkghmmgm4583nqg8ngk,sanctioned,Ahmad KHATIBI AGHADA,published,ofac,"OFAC SDN uid 38419; programs CYBER2,IFSR,IRGC; XBT; list of 10/02/2026"
bitcoin,bc1qsxf77cvwcd6jv6j8d8j3uhh4g0xqw4meswmwuc,sanctioned,Amir Hossein NIKAEEN RAVARI,published,ofac,"OFAC SDN uid 38420; programs CYBER2,IFSR,IRGC; XBT; list of 10/02/2026"
bitcoin,bc1q9lvynkfpaw330uhqmunzdz6gmafsvapv7y3zty,sanctioned,Amir Hossein NIKAEEN RAVARI,published,ofac,"OFAC SDN uid 38420; programs CYBER2,IFSR,IRGC; XBT; list of 10/02/2026"
bitcoin,bc1qpaly5nm7pfka9v92d6qvl4fc2l9xzee8a6ys3s,sanctioned,Amir Hossein NIKAEEN RAVARI,published,ofac,"OFAC SDN uid 38420; programs CYBER2,IFSR,IRGC; XBT; list of 10/02/2026"
tron,TX5GV4DyfxNB3rPkzZJhmqZ1efVmL4rEqG,sanctioned,TASK FORCE RUSICH,published,ofac,OFAC SDN uid 38665; programs RUSSIA-EO14024; USDT; list of 10/02/2026
bitcoin,bc1ql7dlyh8xz6tpqk92vztrhqh88dmjvcwrmsemrm,sanctioned,TASK FORCE RUSICH,published,ofac,OFAC SDN uid 38665; programs RUSSIA-EO14024; XBT; list of 10/02/2026
bitcoin,bc1q2lpgjntr348pfvxhfy33ehmdzy3gmx8w4052z6,sanctioned,TASK FORCE RUSICH,published,ofac,OFAC SDN uid 38665; programs RUSSIA-EO14024; XBT; list of 10/02/2026
ethereum,0xc2a3829f459b3edd87791c74cd45402ba0a20be3,sanctioned,TASK FORCE RUSICH,published,ofac,OFAC SDN uid 38665; programs RUSSIA-EO14024; ETH; list of 10/02/2026
polygon,0xc2a3829f459b3edd87791c74cd45402ba0a20be3,sanctioned,TASK FORCE RUSICH,published,ofac,OFAC SDN uid 38665; programs RUSSIA-EO14024; ETH; list of 10/02/2026
bsc,0xc2a3829f459b3edd87791c74cd45402ba0a20be3,sanctioned,TASK FORCE RUSICH,published,ofac,OFAC SDN uid 38665; programs RUSSIA-EO14024; ETH; list of 10/02/2026
ethereum,0x3ad9db589d201a710ed237c829c7860ba86510fc,sanctioned,TASK FORCE RUSICH,published,ofac,OFAC SDN uid 38665; programs RUSSIA-EO14024; ETH; list of 10/02/2026
polygon,0x3ad9db589d201a710ed237c829c7860ba86510fc,sanctioned,TASK FORCE RUSICH,published,ofac,OFAC SDN uid 38665; programs RUSSIA-EO14024; ETH; list of 10/02/2026
bsc,0x3ad9db589d201a710ed237c829c7860ba86510fc,sanctioned,TASK FORCE RUSICH,published,ofac,OFAC SDN uid 38665; programs RUSSIA-EO14024; ETH; list of 10/02/2026
bitcoin,1DbvK8P6imBuLcwh2Vruis4xsUb8YAwJQF,sanctioned,Alex Adrianus Martinus PEIJNENBURG,published,ofac,OFAC SDN uid 39585; programs ILLICIT-DRUGS-EO14059; XBT; list of 10/02/2026
bitcoin,1G6DuwDKNHiUWqks2Lgu44cesu7ffFbLK7,sanctioned,Alex Adrianus Martinus PEIJNENBURG,published,ofac,OFAC SDN uid 39585; programs ILLICIT-DRUGS-EO14059; XBT; list of 10/02/2026
bitcoin,3AQSmMk5n3c6TKEg9B2WyzYAPm33gJJAA4,sanctioned,Alex Adrianus Martinus PEIJNENBURG,published,ofac,OFAC SDN uid 39585; programs ILLICIT-DRUGS-EO14059; XBT; list of 10/02/2026
bitcoin,129zKFLoVad9JtxSmDKeJoLCsjhGR7b3vr,sanctioned,Alex Adrianus Martinus PEIJNENBURG,published,ofac,OFAC SDN uid 39585; programs ILLICIT-DRUGS-EO14059; XBT; list of 10/02/2026
bitcoin,12YyR9EpvHxBjjKjTWqfKqeyoWnvcraxpW,sanctioned,Alex Adrianus Martinus PEIJNENBURG,published,ofac,OFAC SDN uid 39585; programs ILLICIT-DRUGS-EO14059; XBT; list of 10/02/2026
bitcoin,1KctQENEX5QkQMpnMC3Zh9yRAzkMBLpPcr,sanctioned,Alex Adrianus Martinus PEIJNENBURG,published,ofac,OFAC SDN uid 39585; programs ILLICIT-DRUGS-EO14059; XBT; list of 10/02/2026
bitcoin,3HqA7i3ttECLvgqvq69HNxxUP5BL7Z5YgA,sanctioned,Alex Adrianus Martinus PEIJNENBURG,published,ofac,OFAC SDN uid 39585; programs ILLICIT-DRUGS-EO14059; XBT; list of 10/02/2026
bitcoin,1G9A8WRjGXdnYY4TNEVRrcaHsMtana4ncF,sanctioned,Alex Adrianus Martinus PEIJNENBURG,published,ofac,OFAC SDN uid 39585; programs ILLICIT-DRUGS-EO14059; XBT; list of 10/02/2026
bitcoin,1Js6goCey2NaqPQptiLANLQGuk4d6mowjP,sanctioned,Alex Adrianus Martinus PEIJNENBURG,published,ofac,OFAC SDN uid 39585; programs ILLICIT-DRUGS-EO14059; XBT; list of 10/02/2026
bitcoin,13RH4JaFhaCxDGPyYE9emjp2aDxdX18uBA,sanctioned,Alex Adrianus Martinus PEIJNENBURG,published,ofac,OFAC SDN uid 39585; programs ILLICIT-DRUGS-EO14059; XBT; list of 10/02/2026
bitcoin,1FE2cuvkq8n5VGwj5hi8YYQxskwJpovPyV,sanctioned,Alex Adrianus Martinus PEIJNENBURG,published,ofac,OFAC SDN uid 39585; programs ILLICIT-DRUGS-EO14059; XBT; list of 10/02/2026
bitcoin,1DJoEMvp95yJYWyxAZy8DDBzuvjnrTVrsN,sanctioned,Alex Adrianus Martinus PEIJNENBURG,published,ofac,OFAC SDN uid 39585; programs ILLICIT-DRUGS-EO14059; XBT; list of 10/02/2026
bitcoin,1N6XqSf3ULpNjko9LrJmHudRoLitjwkETN,sanctioned,Alex Adrianus Martinus PEIJNENBURG,published,ofac,OFAC SDN uid 39585; programs ILLICIT-DRUGS-EO14059; XBT; list of 10/02/2026
bitcoin,bc1qwa6zu6qhl6wqnlxp642vcf89nptsassle25ulf,sanctioned,Alex Adrianus Martinus PEIJNENBURG,published,ofac,OFAC SDN uid 39585; programs ILLICIT-DRUGS-EO14059; XBT; list of 10/02/2026
bitcoin,386wa1UM6nA798AWNh64jdrejZyedeXgUN,sanctioned,Alex Adrianus Martinus PEIJNENBURG,published,ofac,OFAC SDN uid 39585; programs ILLICIT-DRUGS-EO14059; XBT; list of 10/02/2026
bitcoin,15UdZbmGPa2LatD3abtGpphgkHLFWftV4R,sanctioned,Alex Adrianus Martinus PEIJNENBURG,published,ofac,OFAC SDN uid 39585; programs ILLICIT-DRUGS-EO14059; XBT; list of 10/02/2026
bitcoin,16tByCYzxuWiN8kF9FrK9jJy6eQYLVkQ1i,sanctioned,Alex Adrianus Martinus PEIJNENBURG,published,ofac,OFAC SDN uid 39585; programs ILLICIT-DRUGS-EO14059; XBT; list of 10/02/2026
bitcoin,1NpHuti9NSM9fVTXLkvSDU4AnhqGQ5N53d,sanctioned,Alex Adrianus Martinus PEIJNENBURG,published,ofac,OFAC SDN uid 39585; programs ILLICIT-DRUGS-EO14059; XBT; list of 10/02/2026
ethereum,0x83e5bc4ffa856bb84bb88581f5dd62a433a25e0d,sanctioned,Alex Adrianus Martinus PEIJNENBURG,published,ofac,OFAC SDN uid 39585; programs ILLICIT-DRUGS-EO14059; ETH; list of 10/02/2026
polygon,0x83e5bc4ffa856bb84bb88581f5dd62a433a25e0d,sanctioned,Alex Adrianus Martinus PEIJNENBURG,published,ofac,OFAC SDN uid 39585; programs ILLICIT-DRUGS-EO14059; ETH; list of 10/02/2026
bsc,0x83e5bc4ffa856bb84bb88581f5dd62a433a25e0d,sanctioned,Alex Adrianus Martinus PEIJNENBURG,published,ofac,OFAC SDN uid 39585; programs ILLICIT-DRUGS-EO14059; ETH; list of 10/02/2026
ethereum,0x08b2efdcdb8822efe5ad0eae55517cf5dc544251,sanctioned,Alex Adrianus Martinus PEIJNENBURG,published,ofac,OFAC SDN uid 39585; programs ILLICIT-DRUGS-EO14059; ETH; list of 10/02/2026
polygon,0x08b2efdcdb8822efe5ad0eae55517cf5dc544251,sanctioned,Alex Adrianus Martinus PEIJNENBURG,published,ofac,OFAC SDN uid 39585; programs ILLICIT-DRUGS-EO14059; ETH; list of 10/02/2026
bsc,0x08b2efdcdb8822efe5ad0eae55517cf5dc544251,sanctioned,Alex Adrianus Martinus PEIJNENBURG,published,ofac,OFAC SDN uid 39585; programs ILLICIT-DRUGS-EO14059; ETH; list of 10/02/2026
ethereum,0x04dba1194ee10112fe6c3207c0687def0e78bacf,sanctioned,Alex Adrianus Martinus PEIJNENBURG,published,ofac,OFAC SDN uid 39585; programs ILLICIT-DRUGS-EO14059; ETH; list of 10/02/2026
polygon,0x04dba1194ee10112fe6c3207c0687def0e78bacf,sanctioned,Alex Adrianus Martinus PEIJNENBURG,published,ofac,OFAC SDN uid 39585; programs ILLICIT-DRUGS-EO14059; ETH; list of 10/02/2026
bsc,0x04dba1194ee10112fe6c3207c0687def0e78bacf,sanctioned,Alex Adrianus Martinus PEIJNENBURG,published,ofac,OFAC SDN uid 39585; programs ILLICIT-DRUGS-EO14059; ETH; list of 10/02/2026
ethereum,0x0ee5067b06776a89ccc7dc8ee369984ad7db5e06,sanctioned,Alex Adrianus Martinus PEIJNENBURG,published,ofac,OFAC SDN uid 39585; programs ILLICIT-DRUGS-EO14059; ETH; list of 10/02/2026
polygon,0x0ee5067b06776a89ccc7dc8ee369984ad7db5e06,sanctioned,Alex Adrianus Martinus PEIJNENBURG,published,ofac,OFAC SDN uid 39585; programs ILLICIT-DRUGS-EO14059; ETH; list of 10/02/2026
bsc,0x0ee5067b06776a89ccc7dc8ee369984ad7db5e06,sanctioned,Alex Adrianus Martinus PEIJNENBURG,published,ofac,OFAC SDN uid 39585; programs ILLICIT-DRUGS-EO14059; ETH; list of 10/02/2026
ethereum,0x502371699497d08d5339c870851898d6d72521dd,sanctioned,Alex Adrianus Martinus PEIJNENBURG,published,ofac,OFAC SDN uid 39585; programs ILLICIT-DRUGS-EO14059; ETH; list of 10/02/2026
polygon,0x502371699497d08d5339c870851898d6d72521dd,sanctioned,Alex Adrianus Martinus PEIJNENBURG,published,ofac,OFAC SDN uid 39585; programs ILLICIT-DRUGS-EO14059; ETH; list of 10/02/2026
bsc,0x502371699497d08d5339c870851898d6d72521dd,sanctioned,Alex Adrianus Martinus PEIJNENBURG,published,ofac,OFAC SDN uid 39585; programs ILLICIT-DRUGS-EO14059; ETH; list of 10/02/2026
ethereum,0x5a14e72060c11313e38738009254a90968f58f51,sanctioned,Alex Adrianus Martinus PEIJNENBURG,published,ofac,OFAC SDN uid 39585; programs ILLICIT-DRUGS-EO14059; ETH; list of 10/02/2026
polygon,0x5a14e72060c11313e38738009254a90968f58f51,sanctioned,Alex Adrianus Martinus PEIJNENBURG,published,ofac,OFAC SDN uid 39585; programs ILLICIT-DRUGS-EO14059; ETH; list of 10/02/2026
bsc,0x5a14e72060c11313e38738009254a90968f58f51,sanctioned,Alex Adrianus Martinus PEIJNENBURG,published,ofac,OFAC SDN uid 39585; programs ILLICIT-DRUGS-EO14059; ETH; list of 10/02/2026
ethereum,0xefe301d259f525ca1ba74a7977b80d5b060b3cca,sanctioned,Alex Adrianus Martinus PEIJNENBURG,published,ofac,OFAC SDN uid 39585; programs ILLICIT-DRUGS-EO14059; ETH; list of 10/02/2026
polygon,0xefe301d259f525ca1ba74a7977b80d5b060b3cca,sanctioned,Alex Adrianus Martinus PEIJNENBURG,published,ofac,OFAC SDN uid 39585; programs ILLICIT-DRUGS-EO14059; ETH; list of 10/02/2026
bsc,0xefe301d259f525ca1ba74a7977b80d5b060b3cca,sanctioned,Alex Adrianus Martinus PEIJNENBURG,published,ofac,OFAC SDN uid 39585; programs ILLICIT-DRUGS-EO14059; ETH; list of 10/02/2026
bitcoin,1LpYKb3SXZPve9hsH2QEJZFX279wJVGowi,sanctioned,Matthew Simon GRIMM,published,ofac,OFAC SDN uid 39593; programs ILLICIT-DRUGS-EO14059; XBT; list of 10/02/2026
bitcoin,15uqdxqNXQwVf5H7yZPz4TmEGeSccCwdor,sanctioned,Matthew Simon GRIMM,published,ofac,OFAC SDN uid 39593; programs ILLICIT-DRUGS-EO14059; XBT; list of 10/02/2026
bitcoin,1FjubFHV4mpYjBmvjsEhZssyiiA4TNmnm2,sanctioned,Matthew Simon GRIMM,published,ofac,OFAC SDN uid 39593; programs ILLICIT-DRUGS-EO14059; XBT; list of 10/02/2026
bitcoin,1LAh7PQwpd1uGiLHae5C5Xz9QXse3y2phq,sanctioned,Matthew Simon GRIMM,published,ofac,OFAC SDN uid 39593; programs ILLICIT-DRUGS-EO14059; XBT; list of 10/02/2026
bitcoin,15yqWQ4sqr7jzCwDtZ3U1KaCa8WMEy7Mm2,sanctioned,Matthew Simon GRIMM,published,ofac,OFAC SDN uid 39593; programs ILLICIT-DRUGS-EO14059; XBT; list of 10/02/2026
bitcoin,19GrL5jnUkGmHXVcraB1Etv5rXCANeLWpq,sanctioned,Matthew Simon GRIMM,published,ofac,OFAC SDN uid 39593; programs ILLICIT-DRUGS-EO14059; XBT; list of 10/02/2026
bitcoin,39NG2LcGRHXxSr1irpEVnJMw4ydL231sEn,sanctioned,Matthew Simon GRIMM,published,ofac,OFAC SDN uid 39593; programs ILLICIT-DRUGS-EO14059; XBT; list of 10/02/2026
bitcoin,3He6EyDaCUgmdr4GXqhxbeTQukaGLCByU2,sanctioned,Matthew Simon GRIMM,published,ofac,OFAC SDN uid 39593; programs ILLICIT-DRUGS-EO14059; XBT; list of 10/02/2026
bitcoin,12NpCkhddSNiDkD9rRYUCHsTT9ReMNiJjG,sanctioned,Matthew Simon GRIMM,published,ofac,OFAC SDN uid 39593; programs ILLICIT-DRUGS-EO14059; XBT; list of 10/02/2026
bitcoin,32jgFkZsTEjMFaBvxJnYvJEeTNKTmq5b32,sanctioned,Matthew Simon GRIMM,published,ofac,OFAC SDN uid 39593; programs ILLICIT-DRUGS-EO14059; XBT; list of 10/02/2026
bitcoin,1Hpj6qm9i7nMF3VkKfBFtjhEDpEjxHWvgv,sanctioned,Matthew Simon GRIMM,published,ofac,OFAC SDN uid 39593; programs ILLICIT-DRUGS-EO14059; XBT; list of 10/02/2026
bitcoin,194xmrZA53UBsZau2PnJLdmVVW9m5feeS,sanctioned,Matthew Simon GRIMM,published,ofac,OFAC SDN uid 39593; programs ILLICIT-DRUGS-EO14059; XBT; list of 10/02/2026
bitcoin,361NP7YcBPQ4KkLT3Y2QZeDEV4M3yi65Ar,sanctioned,Matthew Simon GRIMM,published,ofac,OFAC SDN uid 39593; programs ILLICIT-DRUGS-EO14059; XBT; list of 10/02/2026
bitcoin,1LuDiMd95Df4i2bcvrfw47t2GKpLLXAQMZ,sanctioned,Matthew Simon GRIMM,published,ofac,OFAC SDN uid 39593; programs ILLICIT-DRUGS-EO14059; XBT; list of 10/02/2026
bitcoin,3A1HH3PseYMkh2nSrBb4kkVt3815kUNVVC,sanctioned,Matthew Simon GRIMM,published,ofac,OFAC SDN uid 39593; programs ILLICIT-DRUGS-EO14059; XBT; list of 10/02/2026
bitcoin,1F317n2eJEMaEMGiwCqtd5XCU3wF7jzPEW,sanctioned,Matthew Simon GRIMM,published,ofac,OFAC SDN uid 39593; programs ILLICIT-DRUGS-EO14059; XBT; list of 10/02/2026
bitcoin,3HWjh69cVQvcPeLWVCyVmXEq72nyDSj5zP,sanctioned,Matthew Simon GRIMM,published,ofac,OFAC SDN uid 39593; programs ILLICIT-DRUGS-EO14059; XBT; list of 10/02/2026
bitcoin,1r6S9vpUZPS5rb6gSdwV2bvSFcN3uSq4q,sanctioned,Matthew Simon GRIMM,published,ofac,OFAC SDN uid 39593; programs ILLICIT-DRUGS-EO14059; XBT; list of 10/02/2026
bitcoin,3Jpf9B5P8cvEKSSGp9cES3Upbms8VRnXUb,sanctioned,Matthew Simon GRIMM,published,ofac,OFAC SDN uid 39593; programs ILLICIT-DRUGS-EO14059; XBT; list of 10/02/2026
bitcoin,3EL5vcYeu1cnivLtR7tnAX3bBirr9ATNAL,sanctioned,Matthew Simon GRIMM,published,ofac,OFAC SDN uid 39593; programs ILLICIT-DRUGS-EO14059; XBT; list of 10/02/2026
bitcoin,1LBQd4ZxtQYYsDWrCzK4uMxHBJVxmyzs3M,sanctioned,Matthew Simon GRIMM,published,ofac,OFAC SDN uid 39593; programs ILLICIT-DRUGS-EO14059; XBT; list of 10/02/2026
bitcoin,1LQV6yUBcfTjAWvFu3XPhdTgjqihss7i1z,sanctioned,Matthew Simon GRIMM,published,ofac,OFAC SDN uid 39593; programs ILLICIT-DRUGS-EO14059; XBT; list of 10/02/2026
bitcoin,1MiQRekg4BatJ12qbiSGnNakLLd8xbLMCG,sanctioned,Matthew Simon GRIMM,published,ofac,OFAC SDN uid 39593; programs ILLICIT-DRUGS-EO14059; XBT; list of 10/02/2026
bitcoin,12mNKr2YP4M3CEQvCvVqZsvxuCG47LHMu1,sanctioned,Matthew Simon GRIMM,published,ofac,OFAC SDN uid 39593; programs ILLICIT-DRUGS-EO14059; XBT; list of 10/02/2026
bitcoin,1J6cgUVEZRKyJhpXJgHWX7YmzkdnHRaLhF,sanctioned,Matthew Simon GRIMM,published,ofac,OFAC SDN uid 39593; programs ILLICIT-DRUGS-EO14059; XBT; list of 10/02/2026
bitcoin,3PUmTuVAW3LkKg53FZ7F97VDBitW4ugwnM,sanctioned,Matthew Simon GRIMM,published,ofac,OFAC SDN uid 39593; programs ILLICIT-DRUGS-EO14059; XBT; list of 10/02/2026
bitcoin,3H4qaWi5DS6FMwyZrG9xRRud3Qc5dUVn2U,sanctioned,Matthew Simon GRIMM,published,ofac,OFAC SDN uid 39593; programs ILLICIT-DRUGS-EO14059; XBT; list of 10/02/2026
bitcoin,13ViCDZyJxxv5cZzpDDsE7aDQ3Y552zpAH,sanctioned,Matthew Simon GRIMM,published,ofac,OFAC SDN uid 39593; programs ILLICIT-DRUGS-EO14059; XBT; list of 10/02/2026
bitcoin,1Juv2Ks3jJFUes8jEGxwgt6T6csBRQmmRw,sanctioned,Matthew Simon GRIMM,published,ofac,OFAC SDN uid 39593; programs ILLICIT-DRUGS-EO14059; XBT; list of 10/02/2026
bitcoin,35vypiSvQsxRiT3YZzGRGVaduUSx67ysZb,sanctioned,Matthew Simon GRIMM,published,ofac,OFAC SDN uid 39593; programs ILLICIT-DRUGS-EO14059; XBT; list of 10/02/2026
bitcoin,3LLUnf3ezw6mCbQ2zCZmGu5rZULzkhxQi7,sanctioned,Matthew Simon GRIMM,published,ofac,OFAC SDN uid 39593; programs ILLICIT-DRUGS-EO14059; XBT; list of 10/02/2026
bitcoin,3QrukkUiBrn23rFUKUgasNd1wYWNk7WdSV,sanctioned,Matthew Simon GRIMM,published,ofac,OFAC SDN uid 39593; programs ILLICIT-DRUGS-EO14059; XBT; list of 10/02/2026
bitcoin,3B3vmabBbeDRnVrjvvq3hm85zVB4v5bWFC,sanctioned,Matthew Simon GRIMM,published,ofac,OFAC SDN uid 39593; programs ILLICIT-DRUGS-EO14059; XBT; list of 10/02/2026
bitcoin,31nadacWrgPeAQxKRMabhn3fPhnhi3hjKa,sanctioned,Matthew Simon GRIMM,published,ofac,OFAC SDN uid 39593; programs ILLICIT-DRUGS-EO14059; XBT; list of 10/02/2026
bitcoin,343w3Xh64q5UpgpvAPqmsUzxrknde8PQHb,sanctioned,Matthew Simon GRIMM,published,ofac,OFAC SDN uid 39593; programs ILLICIT-DRUGS-EO14059; XBT; list of 10/02/2026
bitcoin,1C7RpJNE19HgefzWVCSaUqRTHAwGAFkbYV,sanctioned,Matthew Simon GRIMM,published,ofac,OFAC SDN uid 39593; programs ILLICIT-DRUGS-EO14059; XBT; list of 10/02/2026
ethereum,0xd0975b32cea532eadddfc9c60481976e39db3472,sanctioned,Matthew Simon GRIMM,published,ofac,OFAC SDN uid 39593; programs ILLICIT-DRUGS-EO14059; ETH; list of 10/02/2026
polygon,0xd0975b32cea532eadddfc9c60481976e39db3472,sanctioned,Matthew Simon GRIMM,published,ofac,OFAC SDN uid 39593; programs ILLICIT-DRUGS-EO14059; ETH; list of 10/02/2026
bsc,0xd0975b32cea532eadddfc9c60481976e39db3472,sanctioned,Matthew Simon GRIMM,published,ofac,OFAC SDN uid 39593; programs ILLICIT-DRUGS-EO14059; ETH; list of 10/02/2026
ethereum,0x1967d8af5bd86a497fb3dd7899a020e47560daaf,sanctioned,Matthew Simon GRIMM,published,ofac,OFAC SDN uid 39593; programs ILLICIT-DRUGS-EO14059; ETH; list of 10/02/2026
polygon,0x1967d8af5bd86a497fb3dd7899a020e47560daaf,sanctioned,Matthew Simon GRIMM,published,ofac,OFAC SDN uid 39593; programs ILLICIT-DRUGS-EO14059; ETH; list of 10/02/2026
bsc,0x1967d8af5bd86a497fb3dd7899a020e47560daaf,sanctioned,Matthew Simon GRIMM,published,ofac,OFAC SDN uid 39593; programs ILLICIT-DRUGS-EO14059; ETH; list of 10/02/2026
bitcoin,bc1qfg4gfg0y6t6xjnpmlhuwx5k0wlw6nmfzxn2psc,sanctioned,Jonatan ZIMENKOV,published,ofac,OFAC SDN uid 40488; programs RUSSIA-EO14024; XBT; list of 10/02/2026
ethereum,0x39d908dac893cbcb53cc86e0ecc369aa4def1a29,sanctioned,Jonatan ZIMENKOV,published,ofac,OFAC SDN uid 40488; programs RUSSIA-EO14024; ETH; list of 10/02/2026
polygon,0x39d908dac893cbcb53cc86e0ecc369aa4def1a29,sanctioned,Jonatan ZIMENKOV,published,ofac,OFAC SDN uid 40488; programs RUSSIA-EO14024; ETH; list of 10/02/2026
bsc,0x39d908dac893cbcb53cc86e0ecc369aa4def1a29,sanctioned,Jonatan ZIMENKOV,published,ofac,OFAC SDN uid 40488; programs RUSSIA-EO14024; ETH; list of 10/02/2026
bitcoin,3PKiHs4GY4rFg8dpppNVPXGPqMX6K2cBML,sanctioned,Hongfei WANG,published,ofac,OFAC SDN uid 41297; programs ILLICIT-DRUGS-EO14059; XBT; list of 10/02/2026
bitcoin,1986rYHckYbJpGQJy6ornuMyD2N5MTqwDt,sanctioned,Huihui WU,published,ofac,OFAC SDN uid 42496; programs DPRK3; XBT; list of 10/02/2026
bitcoin,125W5ek3DT6Zqy5S2iPt4FHQdNMCbZA3FU,sanctioned,Huihui WU,published,ofac,OFAC SDN uid 42496; programs DPRK3; XBT; list of 10/02/2026
bitcoin,1Kc6egXevyLEaeTxLFA1Zyw7GuhCN8jQtt,sanctioned,Huihui WU,published,ofac,OFAC SDN uid 42496; programs DPRK3; XBT; list of 10/02/2026
bitcoin,12w6v1qAaBc4W8h8C2Cu5SKFaKDSv3erUW,sanctioned,Huihui WU,published,ofac,OFAC SDN uid 42496; programs DPRK3; XBT; list of 10/02/2026
bitcoin,1CPJak9ZyddbawMGJPyEhCiJLXXb4sYv8N,sanctioned,Huihui WU,published,ofac,OFAC SDN uid 42496; programs DPRK3; XBT; list of 10/02/2026
bitcoin,1DJoVLgn1foJHHngduRPJvRbwpaFEKxvxd,sanctioned,Huihui WU,published,ofac,OFAC SDN uid 42496; programs DPRK3; XBT; list of 10/02/2026
bitcoin,15kZobLkD6HZgEECtz4oS2Vz21XHTnNfSg,sanctioned,Huihui WU,published,ofac,OFAC SDN uid 42496; programs DPRK3; XBT; list of 10/02/2026
bitcoin,15qyVrZvvVGvB7GWiAZ82TNcZ6QWMKu3kx,sanctioned,Huihui WU,published,ofac,OFAC SDN uid 42496; programs DPRK3; XBT; list of 10/02/2026
bitcoin,12YCfVAEzkEZXBYhUTyJJaRkgMXiFxJgcu,sanctioned,Huihui WU,published,ofac,OFAC SDN uid 42496; programs DPRK3; XBT; list of 10/02/2026
bitcoin,1MkCnCa9agS5t6V1B15bzusBgYECB4LfWp,sanctioned,Huihui WU,published,ofac,OFAC SDN uid 42496; programs DPRK3; XBT; list of 10/02/2026
bitcoin,1NuBZQXJPyYQGfoBib8wWBDpZmbtkJa5Ba,sanctioned,Huihui WU,published,ofac,OFAC SDN uid 42496; programs DPRK3; XBT; list of 10/02/2026
bitcoin,14rjAD8ZP5xaL571cMRE98qgxxbg1S8mAN,sanctioned,Huihui WU,published,ofac,OFAC SDN uid 42496; programs DPRK3; XBT; list of 10/02/2026
bitcoin,18yWCu6agTxYqAerMxiz9sgHrK3ViezzGa,sanctioned,Huihui WU,published,ofac,OFAC SDN uid 42496; programs DPRK3; XBT; list of 10/02/2026
bitcoin,12jVCWW1ZhTLA5yVnroEJswqKwsfiZKsax,sanctioned,Huihui WU,published,ofac,OFAC SDN uid 42496; programs DPRK3; XBT; list of 10/02/2026
bitcoin,1J378PbmTKn2sEw6NBrSWVfjZLBZW3DZem,sanctioned,Huihui WU,published,ofac,OFAC SDN uid 42496; programs DPRK3; XBT; list of 10/02/2026
bitcoin,18aqbRhHupgvC9K8qEqD78phmTQQWs7B5d,sanctioned,Huihui WU,published,ofac,OFAC SDN uid 42496; programs DPRK3; XBT; list of 10/02/2026
bitcoin,16ti2EXaae5izfkUZ1Zc59HMcsdnHpP5QJ,sanctioned,Huihui WU,published,ofac,OFAC SDN uid 42496; programs DPRK3; XBT; list of 10/02/2026
tron,TGXE9dGWawjfd3xqFSho1h1bRbRv9wUGrF,sanctioned,Hyon Sop SIM,published,ofac,OFAC SDN uid 42498; programs NPWMD; TRX; list of 10/02/2026
tron,TPDLpXxPcaSsupEZ3yrVksmNkYP5SLeKxu,sanctioned,Hyon Sop SIM,published,ofac,OFAC SDN uid 42498; programs NPWMD; TRX; list of 10/02/2026
tron,TNTFhgFoKH4srBMiWbfrVFqP2AThSmdwf1,sanctioned,Hyon Sop SIM,published,ofac,OFAC SDN uid 42498; programs NPWMD; TRX; list of 10/02/2026
tron,TXhf9nU9bjo1j9z5qEesHdr6gtdndfnA4T,sanctioned,Hyon Sop SIM,published,ofac,OFAC SDN uid 42498; programs NPWMD; TRX; list of 10/02/2026
tron,TK17wfSPp32RWrnzZPrGpv7TxdNFvvvE2s,sanctioned,Hyon Sop SIM,published,ofac,OFAC SDN uid 42498; programs NPWMD; TRX; list of 10/02/2026
tron,TYeQD2VddTZ9NkFkAnT9DD8cUGetGUQZB2,sanctioned,Hyon Sop SIM,published,ofac,OFAC SDN uid 42498; programs NPWMD; TRX; list of 10/02/2026
ethereum,0x4f47bc496083c727c5fbe3ce9cdf2b0f6496270c,sanctioned,Hyon Sop SIM,published,ofac,OFAC SDN uid 42498; programs NPWMD; ARB; list of 10/02/2026
polygon,0x4f47bc496083c727c5fbe3ce9cdf2b0f6496270c,sanctioned,Hyon Sop SIM,published,ofac,OFAC SDN uid 42498; programs NPWMD; ARB; list of 10/02/2026
bsc,0x4f47bc496083c727c5fbe3ce9cdf2b0f6496270c,sanctioned,Hyon Sop SIM,published,ofac,OFAC SDN uid 42498; programs NPWMD; ARB; list of 10/02/2026
ethereum,0xd04e33461fea8302c5e1e13895b60cee8aefda7f,sanctioned,Hyon Sop SIM,published,ofac,OFAC SDN uid 42498; programs NPWMD; ETH; list of 10/02/2026
polygon,0xd04e33461fea8302c5e1e13895b60cee8aefda7f,sanctioned,Hyon Sop SIM,published,ofac,OFAC SDN uid 42498; programs NPWMD; ETH; list of 10/02/2026
bsc,0xd04e33461fea8302c5e1e13895b60cee8aefda7f,sanctioned,Hyon Sop SIM,published,ofac,OFAC SDN uid 42498; programs NPWMD; ETH; list of 10/02/2026
ethereum,0x76ea76ca4eb727f18956ab93445a94c5280412b9,sanctioned,Hyon Sop SIM,published,ofac,OFAC SDN uid 42498; programs NPWMD; ETH; list of 10/02/2026
polygon,0x76ea76ca4eb727f18956ab93445a94c5280412b9,sanctioned,Hyon Sop SIM,published,ofac,OFAC SDN uid 42498; programs NPWMD; ETH; list of 10/02/2026
bsc,0x76ea76ca4eb727f18956ab93445a94c5280412b9,sanctioned,Hyon Sop SIM,published,ofac,OFAC SDN uid 42498; programs NPWMD; ETH; list of 10/02/2026
ethereum,0xfb3eff152ea55d1bfa04dbdd509a80fd7b72cdeb,sanctioned,Hyon Sop SIM,published,ofac,OFAC SDN uid 42498; programs NPWMD; ETH; list of 10/02/2026
polygon,0xfb3eff152ea55d1bfa04dbdd509a80fd7b72cdeb,sanctioned,Hyon Sop SIM,published,ofac,OFAC SDN uid 42498; programs NPWMD; ETH; list of 10/02/2026
bsc,0xfb3eff152ea55d1bfa04dbdd509a80fd7b72cdeb,sanctioned,Hyon Sop SIM,published,ofac,OFAC SDN uid 42498; programs NPWMD; ETH; list of 10/02/2026
ethereum,0xfda1ec4a6178d4916b001a065422d31ebe5f62ff,sanctioned,Hyon Sop SIM,published,ofac,OFAC SDN uid 42498; programs NPWMD; ETH; list of 10/02/2026
polygon,0xfda1ec4a6178d4916b001a065422d31ebe5f62ff,sanctioned,Hyon Sop SIM,published,ofac,OFAC SDN uid 42498; programs NPWMD; ETH; list of 10/02/2026
bsc,0xfda1ec4a6178d4916b001a065422d31ebe5f62ff,sanctioned,Hyon Sop SIM,published,ofac,OFAC SDN uid 42498; programs NPWMD; ETH; list of 10/02/2026
ethereum,0x747afb5c7a7fc34b547cd0fdebf9b91759c5a52b,sanctioned,Hyon Sop SIM,published,ofac,OFAC SDN uid 42498; programs NPWMD; ETH; list of 10/02/2026
polygon,0x747afb5c7a7fc34b547cd0fdebf9b91759c5a52b,sanctioned,Hyon Sop SIM,published,ofac,OFAC SDN uid 42498; programs NPWMD; ETH; list of 10/02/2026
bsc,0x747afb5c7a7fc34b547cd0fdebf9b91759c5a52b,sanctioned,Hyon Sop SIM,published,ofac,OFAC SDN uid 42498; programs NPWMD; ETH; list of 10/02/2026
ethereum,0x38735f03b30fbc022ddd06abed01f0ca823c6a94,sanctioned,John Desmond HANAFIN,published,ofac,OFAC SDN uid 43085; programs RUSSIA-EO14024; USDT; list of 10/02/2026
polygon,0x38735f03b30fbc022ddd06abed01f0ca823c6a94,sanctioned,John Desmond HANAFIN,published,ofac,OFAC SDN uid 43085; programs RUSSIA-EO14024; USDT; list of 10/02/2026
bsc,0x38735f03b30fbc022ddd06abed01f0ca823c6a94,sanctioned,John Desmond HANAFIN,published,ofac,OFAC SDN uid 43085; programs RUSSIA-EO14024; USDT; list of 10/02/2026
ethereum,0xb6f5ec1a0a9cd1526536d3f0426c429529471f40,sanctioned,Sang Man KIM,published,ofac,OFAC SDN uid 43377; programs DPRK4; USDT; list of 10/02/2026
polygon,0xb6f5ec1a0a9cd1526536d3f0426c429529471f40,sanctioned,Sang Man KIM,published,ofac,OFAC SDN uid 43377; programs DPRK4; USDT; list of 10/02/2026
bsc,0xb6f5ec1a0a9cd1526536d3f0426c429529471f40,sanctioned,Sang Man KIM,published,ofac,OFAC SDN uid 43377; programs DPRK4; USDT; list of 10/02/2026
bitcoin,1D6gG9iKEhPitTcWRJiniuj1jYM2hNeAfJ,sanctioned,Sang Man KIM,published,ofac,OFAC SDN uid 43377; programs DPRK4; XBT; list of 10/02/2026
bitcoin,1FCNgfZWpYMeYhy9t18AAkTBu8AsdoAc1Z,sanctioned,Sang Man KIM,published,ofac,OFAC SDN uid 43377; programs DPRK4; XBT; list of 10/02/2026
ethereum,0x97b1043abd9e6fc31681635166d430a458d14f9c,sanctioned,Sang Man KIM,published,ofac,OFAC SDN uid 43377; programs DPRK4; ETH; list of 10/02/2026
polygon,0x97b1043abd9e6fc31681635166d430a458d14f9c,sanctioned,Sang Man KIM,published,ofac,OFAC SDN uid 43377; programs DPRK4; ETH; list of 10/02/2026
bsc,0x97b1043abd9e6fc31681635166d430a458d14f9c,sanctioned,Sang Man KIM,published,ofac,OFAC SDN uid 43377; programs DPRK4; ETH; list of 10/02/2026
bitcoin,bc1q4namcagg5wljs0u20z6h2sqgsq4q5lts8rt2rr,sanctioned,Yunhe WANG,published,ofac,OFAC SDN uid 43421; programs CYBER2; XBT; list of 10/02/2026
bitcoin,bc1qdpazd6smrkq5hmw6lupq98za2fqtgmq3azv3av,sanctioned,Yunhe WANG,published,ofac,OFAC SDN uid 43421; programs CYBER2; XBT; list of 10/02/2026
bitcoin,bc1qwz0l2ceddckwdy5rh6zyrm3x4ha6gn5f2da5zg,sanctioned,Yunhe WANG,published,ofac,OFAC SDN uid 43421; programs CYBER2; XBT; list of 10/02/2026
bitcoin,bc1qw8evftpgc8wsmkemd8yl5fg2husza5z802xaym,sanctioned,Yunhe WANG,published,ofac,OFAC SDN uid 43421; programs CYBER2; XBT; list of 10/02/2026
bitcoin,bc1qv4krhj2qmpd9qz9xj9nhvj99fq8s9xsw05d485,sanctioned,Yunhe WANG,published,ofac,OFAC SDN uid 43421; programs CYBER2; XBT; list of 10/02/2026
bitcoin,bc1qu5vngdtcx8nc9d68pq8nv7pzcjrswsy87s66gk,sanctioned,Yunhe WANG,published,ofac,OFAC SDN uid 43421; programs CYBER2; XBT; list of 10/02/2026
bitcoin,bc1qtsl3ufenrv3zgrgm9z8xarcx22x8mfztuartyn,sanctioned,Yunhe WANG,published,ofac,OFAC SDN uid 43421; programs CYBER2; XBT; list of 10/02/2026
bitcoin,bc1qtrrfhr0f3ufsrjxfv8a7p3yuqj0spe4cm6vaws,sanctioned,Yunhe WANG,published,ofac,OFAC SDN uid 43421; programs CYBER2; XBT; list of 10/02/2026
bitcoin,bc1qte9ret332gwrk6e7vqc87d807npzvdj5savg4h,sanctioned,Yunhe WANG,published,ofac,OFAC SDN uid 43421; programs CYBER2; XBT; list of 10/02/2026
bitcoin,bc1qtdupwe722vcc5e0vh94cgwfs0ep4gzwyfsf75q,sanctioned,Yunhe WANG,published,ofac,OFAC SDN uid 43421; programs CYBER2; XBT; list of 10/02/2026
bitcoin,bc1qnykkrlk67f9kdqvzyw2ndu3xmef5z2e52886yl,sanctioned,Yunhe WANG,published,ofac,OFAC SDN uid 43421; programs CYBER2; XBT; list of 10/02/2026
bitcoin,bc1qllmlvy5u038yvwywu803p53g8udcm8w7k4qxu9,sanctioned,Yunhe WANG,published,ofac,OFAC SDN uid 43421; programs CYBER2; XBT; list of 10/02/2026
bitcoin,bc1qlfpg2xn39u580cmwq6rymt8jdhcmj8520jhgh0,sanctioned,Yunhe WANG,published,ofac,OFAC SDN uid 43421; programs CYBER2; XBT; list of 10/02/2026
bitcoin,bc1ql7rnd70aejdxt3f9fzdlfazjlc9hvdmut8ad8s,sanctioned,Yunhe WANG,published,ofac,OFAC SDN uid 43421; programs CYBER2; XBT; list of 10/02/2026
bitcoin,bc1ql526s72gycmvq7hek6j3tuwwmcpv4rgs0auxu7,sanctioned,Yunhe WANG,published,ofac,OFAC SDN uid 43421; programs CYBER2; XBT; list of 10/02/2026
bitcoin,bc1qh3lw22uqwrywr8lpun20q2ma528a4yqmgf3uqp,sanctioned,Yunhe WANG,published,ofac,OFAC SDN uid 43421; programs CYBER2; XBT; list of 10/02/2026
bitcoin,bc1qgffxa65gr579tsz55n87pal2a777ygzg69d2yz,sanctioned,Yunhe WANG,published,ofac,OFAC SDN uid 43421; programs CYBER2; XBT; list of 10/02/2026
bitcoin,bc1qedvcgh32dud85yt7fu6s7qavthlh38gtwa7rhx,sanctioned,Yunhe WANG,published,ofac,OFAC SDN uid 43421; programs CYBER2; XBT; list of 10/02/2026
bitcoin,bc1qau9pmgc8l6rxpdwwap3fd6zprh5yp9mpe9jl0h,sanctioned,Yunhe WANG,published,ofac,OFAC SDN uid 43421; programs CYBER2; XBT; list of 10/02/2026
bitcoin,bc1qakycg2zp8hydg95lc9cheumpa9yfpdeyrqqh5f,sanctioned,Yunhe WANG,published,ofac,OFAC SDN uid 43421; programs CYBER2; XBT; list of 10/02/2026
bitcoin,bc1q9ua9ypl4dhj0zut5kzasj5c2kxclhh8v2k9djd,sanctioned,Yunhe WANG,published,ofac,OFAC SDN uid 43421; programs CYBER2; XBT; list of 10/02/2026
bitcoin,bc1q8q7z3kt37z6jalv5ujung5lem6pzlk9r3kt66k,sanctioned,Yunhe WANG,published,ofac,OFAC SDN uid 43421; programs CYBER2; XBT; list of 10/02/2026
bitcoin,bc1q8pw85s83mdx2f3rfu64mmfd9wexqu2y856arwp,sanctioned,Yunhe WANG,published,ofac,OFAC SDN uid 43421; programs CYBER2; XBT; list of 10/02/2026
bitcoin,bc1q7xfqqw9htr88t7vafg80p4qrlpjfyaps452x5g,sanctioned,Yunhe WANG,published,ofac,OFAC SDN uid 43421; programs CYBER2; XBT; list of 10/02/2026
bitcoin,bc1q7hhdygx05kyfyzjku2u7lywvx5pgyng6a0nefp,sanctioned,Yunhe WANG,published,ofac,OFAC SDN uid 43421; programs CYBER2; XBT; list of 10/02/2026
bitcoin,bc1q6w463k7mhsgguwgqtcratm4vm42rncwhvvkeck,sanctioned,Yunhe WANG,published,ofac,OFAC SDN uid 43421; programs CYBER2; XBT; list of 10/02/2026
bitcoin,bc1q68uswkjvu7nj7mhrvfzkx7cm6u5s9puvpm5dc2,sanctioned,Yunhe WANG,published,ofac,OFAC SDN uid 43421; programs CYBER2; XBT; list of 10/02/2026
bitcoin,bc1q5zd0cwzd09k9r8xfk68sn5ytqp8f5aae80yfsm,sanctioned,Yunhe WANG,published,ofac,OFAC SDN uid 43421; programs CYBER2; XBT; list of 10/02/2026
bitcoin,bc1q49ax787wv0mnn8wjgp3sx772qz7eun822rkv5k,sanctioned,Yunhe WANG,published,ofac,OFAC SDN uid 43421; programs CYBER2; XBT; list of 10/02/2026
bitcoin,bc1q3ael5my37nklgnqcrkwmnndfx9qdnp67j0739c,sanctioned,Yunhe WANG,published,ofac,OFAC SDN uid 43421; programs CYBER2; XBT; list of 10/02/2026
bitcoin,bc1q362njxy39gnwrvj7zytn84ax39fwnhvk7n2999,sanctioned,Yunhe WANG,published,ofac,OFAC SDN uid 43421; programs CYBER2; XBT; list of 10/02/2026
bitcoin,bc1q2jys00x2rgdkm3xnewuucqacytu0a7echupu8y,sanctioned,Yunhe WANG,published,ofac,OFAC SDN uid 43421; programs CYBER2; XBT; list of 10/02/2026
bitcoin,bc1q05aktddf9ce4p7hh3stgsf253m4vweu7nkhtmw,sanctioned,Yunhe WANG,published,ofac,OFAC SDN uid 43421; programs CYBER2; XBT; list of 10/02/2026
bitcoin,bc1qtywfzxx6snut2mdrum8dyr5nnd5qhqd29wmvqt,sanctioned,Yunhe WANG,published,ofac,OFAC SDN uid 43421; programs CYBER2; XBT; list of 10/02/2026
bitcoin,bc1qrc2gchg2fmxua5u7twu4luv5p9twmny4jjmg9x,sanctioned,Yunhe WANG,published,ofac,OFAC SDN uid 43421; programs CYBER2; XBT; list of 10/02/2026
bitcoin,bc1q9ws2gcq7uumm4mk3l9xezwve7w5tmcs5js5cup,sanctioned,Yunhe WANG,published,ofac,OFAC SDN uid 43421; programs CYBER2; XBT; list of 10/02/2026
bitcoin,bc1qh33xtpjqhgysq5xlmjzkm28uewj08885n95drr,sanctioned,Yunhe WANG,published,ofac,OFAC SDN uid 43421; programs CYBER2; XBT; list of 10/02/2026
bitcoin,bc1qe8wclszdtshkjk7gph57crc72vpp9rylujgwa5,sanctioned,Yunhe WANG,published,ofac,OFAC SDN uid 43421; programs CYBER2; XBT; list of 10/02/2026
bitcoin,bc1q2q8uxjznmurg363dvd98xjg54mrr7z6mw9t825,sanctioned,Yunhe WANG,published,ofac,OFAC SDN uid 43421; programs CYBER2; XBT; list of 10/02/2026
bitcoin,bc1qhvzl5w99m458nm7sc6hwf5qfhxndw28sgtatk8,sanctioned,Yunhe WANG,published,ofac,OFAC SDN uid 43421; programs CYBER2; XBT; list of 10/02/2026
bitcoin,bc1qavwamr74qlzj8txy6jaxqnpym9062h090x6kz4,sanctioned,Yunhe WANG,published,ofac,OFAC SDN uid 43421; programs CYBER2; XBT; list of 10/02/2026
bitcoin,bc1qe9lz50jq0a5pmtry0h3ekng3kjdg09vejg7355,sanctioned,Yunhe WANG,published,ofac,OFAC SDN uid 43421; programs CYBER2; XBT; list of 10/02/2026
bitcoin,bc1qup656lpfqfckhl580kwf62thmn5azmj2pal0sz,sanctioned,Yunhe WANG,published,ofac,OFAC SDN uid 43421; programs CYBER2; XBT; list of 10/02/2026
bitcoin,bc1qa2xr7dmz5lztplp9yfp7k382nf4ma8gwrl7zgg,sanctioned,Yunhe WANG,published,ofac,OFAC SDN uid 43421; programs CYBER2; XBT; list of 10/02/2026
bitcoin,bc1qrskwdw9unhlkt87ltcqq2d5pn9s6w2f35gz3z6,sanctioned,Yunhe WANG,published,ofac,OFAC SDN uid 43421; programs CYBER2; XBT; list of 10/02/2026
bitcoin,1NaRX1GZgtZ7E8iXo8YUdTtnb8rAK5QFJa,sanctioned,Yunhe WANG,published,ofac,OFAC SDN uid 43421; programs CYBER2; XBT; list of 10/02/2026
ethereum,0xe1d865c3d669dcc8c57c8d023140cb204e672ee4,sanctioned,Yunhe WANG,published,ofac,OFAC SDN uid 43421; programs CYBER2; ETH; list of 10/02/2026
polygon,0xe1d865c3d669dcc8c57c8d023140cb204e672ee4,sanctioned,Yunhe WANG,published,ofac,OFAC SDN uid 43421; programs CYBER2; ETH; list of 10/02/2026
bsc,0xe1d865c3d669dcc8c57c8d023140cb204e672ee4,sanctioned,Yunhe WANG,published,ofac,OFAC SDN uid 43421; programs CYBER2; ETH; list of 10/02/2026
tron,TBHTJqAy4DhHhmT3dNceJYNRz4SdLofLre,sanctioned,Yunhe WANG,published,ofac,OFAC SDN uid 43421; programs CYBER2; TRX; list of 10/02/2026
ethereum,0x9c2bc757b66f24d60f016b6237f8cdd414a879fa,sanctioned,Mario Alberto JIMENEZ CASTRO,published,ofac,OFAC SDN uid 44029; programs ILLICIT-DRUGS-EO14059; ETH; list of 10/02/2026
polygon,0x9c2bc757b66f24d60f016b6237f8cdd414a879fa,sanctioned,Mario Alberto JIMENEZ CASTRO,published,ofac,OFAC SDN uid 44029; programs ILLICIT-DRUGS-EO14059; ETH; list of 10/02/2026
bsc,0x9c2bc757b66f24d60f016b6237f8cdd414a879fa,sanctioned,Mario Alberto JIMENEZ CASTRO,published,ofac,OFAC SDN uid 44029; programs ILLICIT-DRUGS-EO14059; ETH; list of 10/02/2026
bitcoin,bc1qq7p0es3dv5hcynjjf40f2xjjr6qp5py47d2f6n847vduuq9gvnyq7y9ecd,sanctioned,SINBAD,published,ofac,"OFAC SDN uid 44437; programs CYBER2,DPRK3; XBT; list of 10/02/2026"
bitcoin,1JHdQHkBZiim1cb4hyUh2PbzEbbg6z2TrF,sanctioned,SINBAD,published,ofac,"OFAC SDN uid 44437; programs CYBER2,DPRK3; XBT; list of 10/02/2026"
tron,TVacWx7F5wgMgn49L5frDf9KLgdYy8nPHL,sanctioned,Ali SHAFIU,published,ofac,OFAC SDN uid 44445; programs SDGT; USDT; list of 10/02/2026
ethereum,0xdcbeffbecce100cce9e4b153c4e15cb885643193,sanctioned,Roman SEMENOV,published,ofac,OFAC SDN uid 44718; programs DPRK3; ETH; list of 10/02/2026
polygon,0xdcbeffbecce100cce9e4b153c4e15cb885643193,sanctioned,Roman SEMENOV,published,ofac,OFAC SDN uid 44718; programs DPRK3; ETH; list of 10/02/2026
bsc,0xdcbeffbecce100cce9e4b153c4e15cb885643193,sanctioned,Roman SEMENOV,published,ofac,OFAC SDN uid 44718; programs DPRK3; ETH; list of 10/02/2026
ethereum,0x5f48c2a71b2cc96e3f0ccae4e39318ff0dc375b2,sanctioned,Roman SEMENOV,published,ofac,OFAC SDN uid 44718; programs DPRK3; ETH; list of 10/02/2026
polygon,0x5f48c2a71b2cc96e3f0ccae4e39318ff0dc375b2,sanctioned,Roman SEMENOV,published,ofac,OFAC SDN uid 44718; programs DPRK3; ETH; list of 10/02/2026
bsc,0x5f48c2a71b2cc96e3f0ccae4e39318ff0dc375b2,sanctioned,Roman SEMENOV,published,ofac,OFAC SDN uid 44718; programs DPRK3; ETH; list of 10/02/2026
ethereum,0x5a7a51bfb49f190e5a6060a5bc6052ac14a3b59f,sanctioned,Roman SEMENOV,published,ofac,OFAC SDN uid 44718; programs DPRK3; ETH; list of 10/02/2026
polygon,0x5a7a51bfb49f190e5a6060a5bc6052ac14a3b59f,sanctioned,Roman SEMENOV,published,ofac,OFAC SDN uid 44718; programs DPRK3; ETH; list of 10/02/2026
bsc,0x5a7a51bfb49f190e5a6060a5bc6052ac14a3b59f,sanctioned,Roman SEMENOV,published,ofac,OFAC SDN uid 44718; programs DPRK3; ETH; list of 10/02/2026
ethereum,0xed6e0a7e4ac94d976eebfb82ccf777a3c6bad921,sanctioned,Roman SEMENOV,published,ofac,OFAC SDN uid 44718; programs DPRK3; ETH; list of 10/02/2026
polygon,0xed6e0a7e4ac94d976eebfb82ccf777a3c6bad921,sanctioned,Roman SEMENOV,published,ofac,OFAC SDN uid 44718; programs DPRK3; ETH; list of 10/02/2026
bsc,0xed6e0a7e4ac94d976eebfb82ccf777a3c6bad921,sanctioned,Roman SEMENOV,published,ofac,OFAC SDN uid 44718; programs DPRK3; ETH; list of 10/02/2026
ethereum,0x797d7ae72ebddcdea2a346c1834e04d1f8df102b,sanctioned,Roman SEMENOV,published,ofac,OFAC SDN uid 44718; programs DPRK3; ETH; list of 10/02/2026
polygon,0x797d7ae72ebddcdea2a346c1834e04d1f8df102b,sanctioned,Roman SEMENOV,published,ofac,OFAC SDN uid 44718; programs DPRK3; ETH; list of 10/02/2026
bsc,0x797d7ae72ebddcdea2a346c1834e04d1f8df102b,sanctioned,Roman SEMENOV,published,ofac,OFAC SDN uid 44718; programs DPRK3; ETH; list of 10/02/2026
ethereum,0x931546d9e66836abf687d2bc64b30407bac8c568,sanctioned,Roman SEMENOV,published,ofac,OFAC SDN uid 44718; programs DPRK3; ETH; list of 10/02/2026
polygon,0x931546d9e66836abf687d2bc64b30407bac8c568,sanctioned,Roman SEMENOV,published,ofac,OFAC SDN uid 44718; programs DPRK3; ETH; list of 10/02/2026
bsc,0x931546d9e66836abf687d2bc64b30407bac8c568,sanctioned,Roman SEMENOV,published,ofac,OFAC SDN uid 44718; programs DPRK3; ETH; list of 10/02/2026
ethereum,0x43fa21d92141ba9db43052492e0deee5aa5f0a93,sanctioned,Roman SEMENOV,published,ofac,OFAC SDN uid 44718; programs DPRK3; ETH; list of 10/02/2026
polygon,0x43fa21d92141ba9db43052492e0deee5aa5f0a93,sanctioned,Roman SEMENOV,published,ofac,OFAC SDN uid 44718; programs DPRK3; ETH; list of 10/02/2026
bsc,0x43fa21d92141ba9db43052492e0deee5aa5f0a93,sanctioned,Roman SEMENOV,published,ofac,OFAC SDN uid 44718; programs DPRK3; ETH; list of 10/02/2026
ethereum,0x6be0ae71e6c41f2f9d0d1a3b8d0f75e6f6a0b46e,sanctioned,Roman SEMENOV,published,ofac,OFAC SDN uid 44718; programs DPRK3; ETH; list of 10/02/2026
polygon,0x6be0ae71e6c41f2f9d0d1a3b8d0f75e6f6a0b46e,sanctioned,Roman SEMENOV,published,ofac,OFAC SDN uid 44718; programs DPRK3; ETH; list of 10/02/2026
bsc,0x6be0ae71e6c41f2f9d0d1a3b8d0f75e6f6a0b46e,sanctioned,Roman SEMENOV,published,ofac,OFAC SDN uid 44718; programs DPRK3; ETH; list of 10/02/2026
bitcoin,1Ljk8RNNabkZ9bfDYQBn98XfFozJhTjqcZ,sanctioned,Ekaterina Valeryevna ZHDANOVA,published,ofac,OFAC SDN uid 45188; programs RUSSIA-EO14024; XBT; list of 10/02/2026
bitcoin,3685sEusmTwZBiKJ4cgV73EAhpVD1nbgbe,sanctioned,Ekaterina Valeryevna ZHDANOVA,published,ofac,OFAC SDN uid 45188; programs RUSSIA-EO14024; XBT; list of 10/02/2026
bitcoin,39p8qWp1bkBNhi4vPpFTetKPtH7goqNDZf,sanctioned,Ekaterina Valeryevna ZHDANOVA,published,ofac,OFAC SDN uid 45188; programs RUSSIA-EO14024; XBT; list of 10/02/2026
tron,TEFph7dZoUN5233cGEzF6XFwRpjPF8fQDS,sanctioned,Ilya Andreevich GAMBASHIDZE,published,ofac,OFAC SDN uid 45213; programs RUSSIA-EO14024; USDT; list of 10/02/2026
tron,TMGLqRQ4twjW8wJhVH1mQR7nUThpGHUsN3,sanctioned,Ilya Andreevich GAMBASHIDZE,published,ofac,OFAC SDN uid 45213; programs RUSSIA-EO14024; USDT; list of 10/02/2026
tron,TEAqwfMhXLaomXhZ8KeMhx3njGmQEDnsUR,sanctioned,Xingbiao SHEN,published,ofac,OFAC SDN uid 45312; programs ILLICIT-DRUGS-EO14059; USDT; list of 10/02/2026
bitcoin,3B7S6zrgxQVQUHTU8wstM23tB9afE7ojuX,sanctioned,Xingbiao SHEN,published,ofac,OFAC SDN uid 45312; programs ILLICIT-DRUGS-EO14059; XBT; list of 10/02/2026
ethereum,0x530a64c0ce595026a4a556b703644228179e2d57,sanctioned,Xingbiao SHEN,published,ofac,OFAC SDN uid 45312; programs ILLICIT-DRUGS-EO14059; ETH; list of 10/02/2026
polygon,0x530a64c0ce595026a4a556b703644228179e2d57,sanctioned,Xingbiao SHEN,published,ofac,OFAC SDN uid 45312; programs ILLICIT-DRUGS-EO14059; ETH; list of 10/02/2026
bsc,0x530a64c0ce595026a4a556b703644228179e2d57,sanctioned,Xingbiao SHEN,published,ofac,OFAC SDN uid 45312; programs ILLICIT-DRUGS-EO14059; ETH; list of 10/02/2026
bitcoin,bc1qardcxz845jw83vgfvcmewhuxa0ag9gchjwmcfd,sanctioned,"VALERIAN LABS, INC.",published,ofac,OFAC SDN uid 45314; programs ILLICIT-DRUGS-EO14059; XBT; list of 10/02/2026
ethereum,0x983a81ca6fb1e441266d2fbcb7d8e530ac2e05a2,sanctioned,"VALERIAN LABS, INC.",published,ofac,OFAC SDN uid 45314; programs ILLICIT-DRUGS-EO14059; ETH; list of 10/02/2026
polygon,0x983a81ca6fb1e441266d2fbcb7d8e530ac2e05a2,sanctioned,"VALERIAN LABS, INC.",published,ofac,OFAC SDN uid 45314; programs ILLICIT-DRUGS-EO14059; ETH; list of 10/02/2026
bsc,0x983a81ca6fb1e441266d2fbcb7d8e530ac2e05a2,sanctioned,"VALERIAN LABS, INC.",published,ofac,OFAC SDN uid 45314; programs ILLICIT-DRUGS-EO14059; ETH; list of 10/02/2026
tron,TMStbg5fgb4uTV7fK1gEYF9hKAzP3siPsG,sanctioned,Jiantong WANG,published,ofac,OFAC SDN uid 45349; programs ILLICIT-DRUGS-EO14059; TRX; list of 10/02/2026
bitcoin,3NNcbBcMZokPB2JC2dxYuZrpgcetvyGeJn,sanctioned,Jiantong WANG,published,ofac,OFAC SDN uid 45349; programs ILLICIT-DRUGS-EO14059; XBT; list of 10/02/2026
bitcoin,38TftW1heYPqvKbiAhT4ttNBqkUPpooXad,sanctioned,Fengbing XIA,published,ofac,OFAC SDN uid 45350; programs ILLICIT-DRUGS-EO14059; XBT; list of 10/02/2026
bitcoin,bc1qkfqh5p2qsakseg5gnwen6zh5xf3elmku2xaup29mw3l0wnncy3es880dss,sanctioned,Fengbing XIA,published,ofac,OFAC SDN uid 45350; programs ILLICIT-DRUGS-EO14059; XBT; list of 10/02/2026
tron,TTKnV2S1295UrPr7N67Tp9ykNL7xX2Z4Uj,sanctioned,Fengbing XIA,published,ofac,OFAC SDN uid 45350; programs ILLICIT-DRUGS-EO14059; TRX; list of 10/02/2026
bitcoin,3NU9zkD8CCVGVmYnNNSN7PbU9sSFQBm5UV,sanctioned,Wei ZHANG,published,ofac,OFAC SDN uid 45391; programs ILLICIT-DRUGS-EO14059; XBT; list of 10/02/2026
ethereum,0x961c5be54a2ffc17cf4cb021d863c42dacd47fc1,sanctioned,Wei ZHANG,published,ofac,OFAC SDN uid 45391; programs ILLICIT-DRUGS-EO14059; ETH; list of 10/02/2026
polygon,0x961c5be54a2ffc17cf4cb021d863c42dacd47fc1,sanctioned,Wei ZHANG,published,ofac,OFAC SDN uid 45391; programs ILLICIT-DRUGS-EO14059; ETH; list of 10/02/2026
bsc,0x961c5be54a2ffc17cf4cb021d863c42dacd47fc1,sanctioned,Wei ZHANG,published,ofac,OFAC SDN uid 45391; programs ILLICIT-DRUGS-EO14059; ETH; list of 10/02/2026
tron,TRBACioxdrdsYEZHvJWiUDZcMdBPpEe5Ub,sanctioned,Wei ZHANG,published,ofac,OFAC SDN uid 45391; programs ILLICIT-DRUGS-EO14059; TRX; list of 10/02/2026
ethereum,0xfac583c0cf07ea434052c49115a4682172ab6b4f,sanctioned,Mingming WANG,published,ofac,OFAC SDN uid 45404; programs ILLICIT-DRUGS-EO14059; USDT; list of 10/02/2026
polygon,0xfac583c0cf07ea434052c49115a4682172ab6b4f,sanctioned,Mingming WANG,published,ofac,OFAC SDN uid 45404; programs ILLICIT-DRUGS-EO14059; USDT; list of 10/02/2026
bsc,0xfac583c0cf07ea434052c49115a4682172ab6b4f,sanctioned,Mingming WANG,published,ofac,OFAC SDN uid 45404; programs ILLICIT-DRUGS-EO14059; USDT; list of 10/02/2026
bitcoin,1MLPqwaFFUBZePTjpR3nxRoK19Cv9mPCc7,sanctioned,Mingming WANG,published,ofac,OFAC SDN uid 45404; programs ILLICIT-DRUGS-EO14059; XBT; list of 10/02/2026
bitcoin,3HePkztPU6UsdENxnyQHFrdZA6eVKeMtvz,sanctioned,Mingming WANG,published,ofac,OFAC SDN uid 45404; programs ILLICIT-DRUGS-EO14059; XBT; list of 10/02/2026
tron,TUCsTq7TofTCJRRoHk6RvhMoS2mJLm5Yzq,sanctioned,Mingming WANG,published,ofac,OFAC SDN uid 45404; programs ILLICIT-DRUGS-EO14059; XBT; list of 10/02/2026
bitcoin,19D1iGzDr7FyAdiy3ZZdxMd6ttHj1kj6WW,sanctioned,BUY CASH MONEY AND MONEY TRANSFER COMPANY,published,ofac,OFAC SDN uid 45678; programs SDGT; XBT; list of 10/02/2026
bitcoin,3Q8H2ZWMtc4R1M3mkmhnTjCoYKTeCFigDP,sanctioned,GAZA NOW,published,ofac,OFAC SDN uid 47635; programs SDGT; XBT; list of 10/02/2026
ethereum,0xe950dc316b836e4eefb8308bf32bf7c72a1358ff,sanctioned,GAZA NOW,published,ofac,OFAC SDN uid 47635; programs SDGT; ETH; list of 10/02/2026
polygon,0xe950dc316b836e4eefb8308bf32bf7c72a1358ff,sanctioned,GAZA NOW,published,ofac,OFAC SDN uid 47635; programs SDGT; ETH; list of 10/02/2026
bsc,0xe950dc316b836e4eefb8308bf32bf7c72a1358ff,sanctioned,GAZA NOW,published,ofac,OFAC SDN uid 47635; programs SDGT; ETH; list of 10/02/2026
ethereum,0x21b8d56bda776bbe68655a16895afd96f5534fed,sanctioned,GAZA NOW,published,ofac,OFAC SDN uid 47635; programs SDGT; ETH; list of 10/02/2026
polygon,0x21b8d56bda776bbe68655a16895afd96f5534fed,sanctioned,GAZA NOW,published,ofac,OFAC SDN uid 47635; programs SDGT; ETH; list of 10/02/2026
bsc,0x21b8d56bda776bbe68655a16895afd96f5534fed,sanctioned,GAZA NOW,published,ofac,OFAC SDN uid 47635; programs SDGT; ETH; list of 10/02/2026
tron,TTgcTTNbNuFdbrhvbjMZVrdU5KALyzDaPw,sanctioned,GAZA NOW,published,ofac,OFAC SDN uid 47635; programs SDGT; USDT; list of 10/02/2026
tron,TGJVc32ig2u8tQsYMLE7KXHT5NDQroaVNU,sanctioned,GAZA NOW,published,ofac,OFAC SDN uid 47635; programs SDGT; USDT; list of 10/02/2026
tron,TXEsK1sEsKjZ1xtHitnyAAoqw3WLdYdRNW,sanctioned,GAZA NOW,published,ofac,OFAC SDN uid 47635; programs SDGT; USDT; list of 10/02/2026
tron,TH96tFMn8KGiYSLiwcV3E2UiaJc8jmcbz3,sanctioned,GAZA NOW,published,ofac,OFAC SDN uid 47635; programs SDGT; USDT; list of 10/02/2026
ethereum,0x175d44451403edf28469df03a9280c1197adb92c,sanctioned,GAZA NOW,published,ofac,OFAC SDN uid 47635; programs SDGT; USDT; list of 10/02/2026
polygon,0x175d44451403edf28469df03a9280c1197adb92c,sanctioned,GAZA NOW,published,ofac,OFAC SDN uid 47635; programs SDGT; USDT; list of 10/02/2026
bsc,0x175d44451403edf28469df03a9280c1197adb92c,sanctioned,GAZA NOW,published,ofac,OFAC SDN uid 47635; programs SDGT; USDT; list of 10/02/2026
tron,TC4VsFHJdZ66BdwobZxkudVZBVmQZgCP65,sanctioned,ANSARALLAH,published,ofac,"OFAC SDN uid 47664; programs SDGT,FTO; USDT; list of 10/02/2026"
tron,TQ5mpZPbQMSq2s1vSM3RJgiB1AsTsiTpFZ,sanctioned,ANSARALLAH,published,ofac,"OFAC SDN uid 47664; programs SDGT,FTO; USDT; list of 10/02/2026"
tron,TXEaKf4rT3rMoD3Vuqnuhwr6vLq6BL5t33,sanctioned,ANSARALLAH,published,ofac,"OFAC SDN uid 47664; programs SDGT,FTO; USDT; list of 10/02/2026"
tron,TGUPpmW2bAnMCLe5ih2CFisfCHk4gTFDsx,sanctioned,ANSARALLAH,published,ofac,"OFAC SDN uid 47664; programs SDGT,FTO; USDT; list of 10/02/2026"
tron,TDwN1Eq62bqvVhfGAjdRRJjE46jsi5KNMV,sanctioned,ANSARALLAH,published,ofac,"OFAC SDN uid 47664; programs SDGT,FTO; USDT; list of 10/02/2026"
tron,TM6Kix9wH8cYQ4rLpFifsQ4ddH3rPX3f8p,sanctioned,ANSARALLAH,published,ofac,"OFAC SDN uid 47664; programs SDGT,FTO; USDT; list of 10/02/2026"
tron,TDprk9jeYPVm6khkBp1u7fwuyJcEJFrPWD,sanctioned,ANSARALLAH,published,ofac,"OFAC SDN uid 47664; programs SDGT,FTO; USDT; list of 10/02/2026"
tron,TVn4q7L4fKEPbygi7UHq1CKfZxtbeuMV5q,sanctioned,ANSARALLAH,published,ofac,"OFAC SDN uid 47664; programs SDGT,FTO; USDT; list of 10/02/2026"
bitcoin,18gaXypKj9M23S2zT9qZfL9iPbLFM372Q5,sanctioned,Artur Ravilevich SUNGATOV,published,ofac,OFAC SDN uid 47680; programs CYBER2; XBT; list of 10/02/2026
bitcoin,bc1q5jqgm7nvrhaw2rh2vk0dk8e4gg5g373g0vz07r,sanctioned,Ivan Gennadievich KONDRATIEV,published,ofac,OFAC SDN uid 47682; programs CYBER2; XBT; list of 10/02/2026
bitcoin,32pTjxTNi7snk8sodrgfmdKao3DEn1nVJM,sanctioned,Ivan Gennadievich KONDRATIEV,published,ofac,OFAC SDN uid 47682; programs CYBER2; XBT; list of 10/02/2026
bitcoin,15cRqR3TXS1JehBGWERuxFE8NhWZzfoeeU,sanctioned,Ivan Gennadievich KONDRATIEV,published,ofac,OFAC SDN uid 47682; programs CYBER2; XBT; list of 10/02/2026
bitcoin,1A7SKE2dQtezLktCY8peLsdAtkqxV9r1dC,sanctioned,Ivan Gennadievich KONDRATIEV,published,ofac,OFAC SDN uid 47682; programs CYBER2; XBT; list of 10/02/2026
bitcoin,bc1q8ew45w2agdffrnwp6adt2gqrc9n4mkev9ns29c,sanctioned,Ivan Gennadievich KONDRATIEV,published,ofac,OFAC SDN uid 47682; programs CYBER2; XBT; list of 10/02/2026
bitcoin,bc1qagp0gy58v8hqvw4p2wsphcxg067rrppp45hexr,sanctioned,Ivan Gennadievich KONDRATIEV,published,ofac,OFAC SDN uid 47682; programs CYBER2; XBT; list of 10/02/2026
bitcoin,bc1qn6segn8km4nfdp9vueu6msfjsaxaqgun9h60n9,sanctioned,Ivan Gennadievich KONDRATIEV,published,ofac,OFAC SDN uid 47682; programs CYBER2; XBT; list of 10/02/2026
bitcoin,bc1qx9upga7f09tsetqf78wa3qrmcjar58mkwz6ng6,sanctioned,Ivan Gennadievich KONDRATIEV,published,ofac,OFAC SDN uid 47682; programs CYBER2; XBT; list of 10/02/2026
ethereum,0xf3701f445b6bdafedbca97d1e477357839e4120d,sanctioned,Ivan Gennadievich KONDRATIEV,published,ofac,OFAC SDN uid 47682; programs CYBER2; ETH; list of 10/02/2026
polygon,0xf3701f445b6bdafedbca97d1e477357839e4120d,sanctioned,Ivan Gennadievich KONDRATIEV,published,ofac,OFAC SDN uid 47682; programs CYBER2; ETH; list of 10/02/2026
bsc,0xf3701f445b6bdafedbca97d1e477357839e4120d,sanctioned,Ivan Gennadievich KONDRATIEV,published,ofac,OFAC SDN uid 47682; programs CYBER2; ETH; list of 10/02/2026
tron,TWBAPzpPiZarfVsY2BLXeaLhNHurn4wkWG,sanctioned,Tawfiq Muhammad Sa'id AL-LAW,published,ofac,OFAC SDN uid 48302; programs SDGT; USDT; list of 10/02/2026
bitcoin,13fhnkmpBBWXUQucJd6efWvXdEj78DKavk,sanctioned,OKO DESIGN BUREAU,published,ofac,OFAC SDN uid 48432; programs RUSSIA-EO14024; XBT; list of 10/02/2026
ethereum,0x19f8f2b0915daa12a3f5c9cf01df9e24d53794f7,sanctioned,OKO DESIGN BUREAU,published,ofac,OFAC SDN uid 48432; programs RUSSIA-EO14024; ETH; list of 10/02/2026
polygon,0x19f8f2b0915daa12a3f5c9cf01df9e24d53794f7,sanctioned,OKO DESIGN BUREAU,published,ofac,OFAC SDN uid 48432; programs RUSSIA-EO14024; ETH; list of 10/02/2026
bsc,0x19f8f2b0915daa12a3f5c9cf01df9e24d53794f7,sanctioned,OKO DESIGN BUREAU,published,ofac,OFAC SDN uid 48432; programs RUSSIA-EO14024; ETH; list of 10/02/2026
tron,TFdTr9C3BqQrzKBXqSxJfAZFTh8UwBAfSg,sanctioned,OKO DESIGN BUREAU,published,ofac,OFAC SDN uid 48432; programs RUSSIA-EO14024; TRX; list of 10/02/2026
bitcoin,bc1qvhnfknw852ephxyc5hm4q520zmvf9maphetc9z,sanctioned,Dmitry Yuryevich KHOROSHEV,published,ofac,OFAC SDN uid 48603; programs CYBER2; XBT; list of 10/02/2026
tron,TLM3zA3EWycoDX4ZX4gKze7sgfbdkntTum,sanctioned,OBSHCHESTVO S OGRANICHENNOI OTVETSTVENNOSTYU KONSTRUKTORSKOE BYURO VOSTOK,published,ofac,OFAC SDN uid 50110; programs RUSSIA-EO14024; USDT; list of 10/02/2026
bitcoin,13JtX4h7G5ZuNK5mFudKGq9DHLvvMFuNuz,sanctioned,CRYPTEX,published,ofac,"OFAC SDN uid 50641; programs CYBER2,RUSSIA-EO14024; XBT; list of 10/02/2026"
ethereum,0x0931ca4d13bb4ba75d9b7132ab690265d749a5e7,sanctioned,CRYPTEX,published,ofac,"OFAC SDN uid 50641; programs CYBER2,RUSSIA-EO14024; ETH; list of 10/02/2026"
polygon,0x0931ca4d13bb4ba75d9b7132ab690265d749a5e7,sanctioned,CRYPTEX,published,ofac,"OFAC SDN uid 50641; programs CYBER2,RUSSIA-EO14024; ETH; list of 10/02/2026"
bsc,0x0931ca4d13bb4ba75d9b7132ab690265d749a5e7,sanctioned,CRYPTEX,published,ofac,"OFAC SDN uid 50641; programs CYBER2,RUSSIA-EO14024; ETH; list of 10/02/2026"
tron,TTUDyVhhpCC1xJoPmWzdjLAzeoPwbSABdr,sanctioned,CRYPTEX,published,ofac,"OFAC SDN uid 50641; programs CYBER2,RUSSIA-EO14024; TRX; list of 10/02/2026"
bitcoin,3NEcQKZ8RwL2eDNhmMPpZ4td9vPsQh9JwM,sanctioned,Xiaojun HUANG,published,ofac,OFAC SDN uid 50867; programs ILLICIT-DRUGS-EO14059; XBT; list of 10/02/2026
ethereum,0x1999ef52700c34de7ec2b68a28aafb37db0c5ade,sanctioned,Khadzhi Murat Dalgatovich MAGOMEDOV,published,ofac,OFAC SDN uid 52071; programs RUSSIA-EO14024; ETH; list of 10/02/2026
polygon,0x1999ef52700c34de7ec2b68a28aafb37db0c5ade,sanctioned,Khadzhi Murat Dalgatovich MAGOMEDOV,published,ofac,OFAC SDN uid 52071; programs RUSSIA-EO14024; ETH; list of 10/02/2026
bsc,0x1999ef52700c34de7ec2b68a28aafb37db0c5ade,sanctioned,Khadzhi Murat Dalgatovich MAGOMEDOV,published,ofac,OFAC SDN uid 52071; programs RUSSIA-EO14024; ETH; list of 10/02/2026
tron,TDdbRFoBTEmE3qiR69Y6rKRSG1hoF65QaE,sanctioned,Elena CHIRKINYAN,published,ofac,OFAC SDN uid 52074; programs RUSSIA-EO14024; USDT; list of 10/02/2026
bitcoin,1M5N4sJ1NHb4fviLVZA5MZLKhLZqU4CPZz,sanctioned,ZSERVERS,published,ofac,OFAC SDN uid 52830; programs CYBER3; XBT; list of 10/02/2026
bitcoin,1Gekw8ACSs37oXcc5XQHvoux3iKoVFtpF4,sanctioned,ZSERVERS,published,ofac,OFAC SDN uid 52830; programs CYBER3; XBT; list of 10/02/2026
bitcoin,bc1q4yzd2rjmshm8ucrwy6dzj5rna20j0zlf8hf8vz,sanctioned,ZSERVERS,published,ofac,OFAC SDN uid 52830; programs CYBER3; XBT; list of 10/02/2026
bitcoin,3FfRvC3kSo2SxiQe5e7SSuNdegwgq8iusL,sanctioned,Alexander Igorevich MISHIN,published,ofac,OFAC SDN uid 52832; programs CYBER3; XBT; list of 10/02/2026
bitcoin,bc1q3q2lz3cmt4u2f49ugxz5q34xrs0m2z4w2gmkp5,sanctioned,Behrouz PARSARAD,published,ofac,OFAC SDN uid 53033; programs ILLICIT-DRUGS-EO14059; XBT; list of 10/02/2026
bitcoin,bc1qj2ffj6pepc80sfqpx2k2pd3q278q72dpqv2ens,sanctioned,Behrouz PARSARAD,published,ofac,OFAC SDN uid 53033; programs ILLICIT-DRUGS-EO14059; XBT; list of 10/02/2026
bitcoin,bc1qjwr3rgww7a8ut7a4x8jqh3vswcue3xvp6dm7qe,sanctioned,Behrouz PARSARAD,published,ofac,OFAC SDN uid 53033; programs ILLICIT-DRUGS-EO14059; XBT; list of 10/02/2026
bitcoin,bc1qvxlwpgcw260sc97a0u6dm0cjxv027clhd67fvx,sanctioned,Behrouz PARSARAD,published,ofac,OFAC SDN uid 53033; programs ILLICIT-DRUGS-EO14059; XBT; list of 10/02/2026
bitcoin,bc1qwtswqzvaxl6lyw3keqqzwt8z937psta3wg9sjy,sanctioned,Behrouz PARSARAD,published,ofac,OFAC SDN uid 53033; programs ILLICIT-DRUGS-EO14059; XBT; list of 10/02/2026
bitcoin,bc1qyqvyupkpl6tm60zdecef925y220ssjuagpxsm0,sanctioned,Behrouz PARSARAD,published,ofac,OFAC SDN uid 53033; programs ILLICIT-DRUGS-EO14059; XBT; list of 10/02/2026
bitcoin,bc1q45cxufu7x6s5v9adzm9t38k80gwawse75xffwe,sanctioned,Behrouz PARSARAD,published,ofac,OFAC SDN uid 53033; programs ILLICIT-DRUGS-EO14059; XBT; list of 10/02/2026
bitcoin,bc1qmzmx8res2fgzd2wttyvf2ajqqqtcnxxrgkqc2t,sanctioned,Behrouz PARSARAD,published,ofac,OFAC SDN uid 53033; programs ILLICIT-DRUGS-EO14059; XBT; list of 10/02/2026
bitcoin,bc1qtnr3t28ltzgsuvr9j6ruqaat6fz773mm8wr02l,sanctioned,Behrouz PARSARAD,published,ofac,OFAC SDN uid 53033; programs ILLICIT-DRUGS-EO14059; XBT; list of 10/02/2026
bitcoin,bc1q6rzzf4erht8v7kgh5mfnwcrvzxchxt5glpsuls,sanctioned,Behrouz PARSARAD,published,ofac,OFAC SDN uid 53033; programs ILLICIT-DRUGS-EO14059; XBT; list of 10/02/2026
bitcoin,bc1qr4fd3glpnthkefcylhnxk4gp47jsd0523ue7qj,sanctioned,Behrouz PARSARAD,published,ofac,OFAC SDN uid 53033; programs ILLICIT-DRUGS-EO14059; XBT; list of 10/02/2026
bitcoin,bc1q2c3vwu7wxq308lsun24rjlsh6ff0x8whx55v4q,sanctioned,Behrouz PARSARAD,published,ofac,OFAC SDN uid 53033; programs ILLICIT-DRUGS-EO14059; XBT; list of 10/02/2026
bitcoin,bc1qwyye7frjufeth0pecvaf3hz67lakt028dezv3p,sanctioned,Behrouz PARSARAD,published,ofac,OFAC SDN uid 53033; programs ILLICIT-DRUGS-EO14059; XBT; list of 10/02/2026
bitcoin,bc1qhsp4kffl5pmsae43st9jufagu6uy7lsa6mslla,sanctioned,Behrouz PARSARAD,published,ofac,OFAC SDN uid 53033; programs ILLICIT-DRUGS-EO14059; XBT; list of 10/02/2026
bitcoin,bc1qlhh94040d8nxkstf4l7720q72f2vntxxl96m4d,sanctioned,Behrouz PARSARAD,published,ofac,OFAC SDN uid 53033; programs ILLICIT-DRUGS-EO14059; XBT; list of 10/02/2026
bitcoin,bc1qdzgee6h4zjwvn8lyzjxgd467zxnshelqkudh7z,sanctioned,Behrouz PARSARAD,published,ofac,OFAC SDN uid 53033; programs ILLICIT-DRUGS-EO14059; XBT; list of 10/02/2026
bitcoin,bc1q97eg4k2juepa3smpac4pnfjsnyws696c290cxq,sanctioned,Behrouz PARSARAD,published,ofac,OFAC SDN uid 53033; programs ILLICIT-DRUGS-EO14059; XBT; list of 10/02/2026
bitcoin,bc1qu3e9sq8cem759umc3pywlsly3rr2qvjlxfnn9l,sanctioned,Behrouz PARSARAD,published,ofac,OFAC SDN uid 53033; programs ILLICIT-DRUGS-EO14059; XBT; list of 10/02/2026
bitcoin,bc1qa4jp7udkn2ycecz8289jfs3vpnqdwf4483d3qe,sanctioned,Behrouz PARSARAD,published,ofac,OFAC SDN uid 53033; programs ILLICIT-DRUGS-EO14059; XBT; list of 10/02/2026
bitcoin,bc1qxp3sxw4q2rw3u9pd2k7udhp4eagc77jqcezv4q,sanctioned,Behrouz PARSARAD,published,ofac,OFAC SDN uid 53033; programs ILLICIT-DRUGS-EO14059; XBT; list of 10/02/2026
bitcoin,bc1q7d46dvuv56kn4mm0jz3yep6xj74kxcpydt5te4,sanctioned,Behrouz PARSARAD,published,ofac,OFAC SDN uid 53033; programs ILLICIT-DRUGS-EO14059; XBT; list of 10/02/2026
bitcoin,bc1qetqqlgvlnzdh4eshz9q6twlpdtmvy5rfkn3lza,sanctioned,Behrouz PARSARAD,published,ofac,OFAC SDN uid 53033; programs ILLICIT-DRUGS-EO14059; XBT; list of 10/02/2026
bitcoin,bc1qtrh9z4ls2s2mflyhc5y0mtxt0y30n87c97z4qp,sanctioned,Behrouz PARSARAD,published,ofac,OFAC SDN uid 53033; programs ILLICIT-DRUGS-EO14059; XBT; list of 10/02/2026
bitcoin,bc1qr2tgu4almsw9ajqfwz93qw0xc8w2g72xpyzqvn,sanctioned,Behrouz PARSARAD,published,ofac,OFAC SDN uid 53033; programs ILLICIT-DRUGS-EO14059; XBT; list of 10/02/2026
bitcoin,bc1qzqqdvukupr0qr5uckn2zjn40mkflnxu8fuuqdp,sanctioned,Behrouz PARSARAD,published,ofac,OFAC SDN uid 53033; programs ILLICIT-DRUGS-EO14059; XBT; list of 10/02/2026
bitcoin,bc1q6yz2q723helcd7rz7xltw5nu77vn649zczklc3,sanctioned,Behrouz PARSARAD,published,ofac,OFAC SDN uid 53033; programs ILLICIT-DRUGS-EO14059; XBT; list of 10/02/2026
bitcoin,bc1qfpdycqpkl5hvxg4feuk3nhde5h8t2zd89svsg9,sanctioned,Behrouz PARSARAD,published,ofac,OFAC SDN uid 53033; programs ILLICIT-DRUGS-EO14059; XBT; list of 10/02/2026
bitcoin,bc1qhe6zy9x6ar42zkec3lhkms5m7hh3svtc88qhf6,sanctioned,Behrouz PARSARAD,published,ofac,OFAC SDN uid 53033; programs ILLICIT-DRUGS-EO14059; XBT; list of 10/02/2026
bitcoin,bc1qptrvdk8uv8shd734tyhyzatrvmlq9l0v6r0dc2,sanctioned,Behrouz PARSARAD,published,ofac,OFAC SDN uid 53033; programs ILLICIT-DRUGS-EO14059; XBT; list of 10/02/2026
bitcoin,bc1qcp6fr7gtyukympl6unr7uv78h3vprycwj455zx,sanctioned,Behrouz PARSARAD,published,ofac,OFAC SDN uid 53033; programs ILLICIT-DRUGS-EO14059; XBT; list of 10/02/2026
bitcoin,bc1q8p5r6wdx7leuekulnlglapy2wlwxgukpe76mys,sanctioned,Behrouz PARSARAD,published,ofac,OFAC SDN uid 53033; programs ILLICIT-DRUGS-EO14059; XBT; list of 10/02/2026
bitcoin,bc1q7qsruzjsed9sy6taqz2m5rvljsmleg2xl7dz5r,sanctioned,Behrouz PARSARAD,published,ofac,OFAC SDN uid 53033; programs ILLICIT-DRUGS-EO14059; XBT; list of 10/02/2026
bitcoin,bc1q3tan207evu5skk2wj80ycyw242g0kdnn3hs3x0,sanctioned,Behrouz PARSARAD,published,ofac,OFAC SDN uid 53033; programs ILLICIT-DRUGS-EO14059; XBT; list of 10/02/2026
bitcoin,bc1q4sqmmyv63g6ma5cmswzap3d8k995h0str69v3t,sanctioned,Behrouz PARSARAD,published,ofac,OFAC SDN uid 53033; programs ILLICIT-DRUGS-EO14059; XBT; list of 10/02/2026
bitcoin,bc1qec85gd576z0phflq2jm8jxlh22tckqj3yru7xs,sanctioned,Behrouz PARSARAD,published,ofac,OFAC SDN uid 53033; programs ILLICIT-DRUGS-EO14059; XBT; list of 10/02/2026
bitcoin,bc1q4qjvgw475a39d8cpcyv5keq39jlmlrq870sn30,sanctioned,Behrouz PARSARAD,published,ofac,OFAC SDN uid 53033; programs ILLICIT-DRUGS-EO14059; XBT; list of 10/02/2026
bitcoin,bc1qmwznjzlhrj3fney3elxkwdpwa72u7eq0ge76dt,sanctioned,Behrouz PARSARAD,published,ofac,OFAC SDN uid 53033; programs ILLICIT-DRUGS-EO14059; XBT; list of 10/02/2026
bitcoin,bc1qzcg8y0utezp7zkp2cmqppd3x80l4gpqzew25wy,sanctioned,Behrouz PARSARAD,published,ofac,OFAC SDN uid 53033; programs ILLICIT-DRUGS-EO14059; XBT; list of 10/02/2026
bitcoin,bc1qdd2mumk4rxnygxyn5qhrq6pah6yjmnl3s9mef5,sanctioned,Behrouz PARSARAD,published,ofac,OFAC SDN uid 53033; programs ILLICIT-DRUGS-EO14059; XBT; list of 10/02/2026
bitcoin,bc1qcjh0phl2yy3rxcztfthz9psuvk8trv2qe06p0k,sanctioned,Behrouz PARSARAD,published,ofac,OFAC SDN uid 53033; programs ILLICIT-DRUGS-EO14059; XBT; list of 10/02/2026
bitcoin,3FgaJMgxCfU3qqQ3Yiqv3Xw8rmLDDkByeo,sanctioned,Behrouz PARSARAD,published,ofac,OFAC SDN uid 53033; programs ILLICIT-DRUGS-EO14059; XBT; list of 10/02/2026
bitcoin,3EQoMXw6Xi8zNzY8tLfJbkWjV5EXsQP4Es,sanctioned,Behrouz PARSARAD,published,ofac,OFAC SDN uid 53033; programs ILLICIT-DRUGS-EO14059; XBT; list of 10/02/2026
bitcoin,37KHumAdzFcg1fXMv36UGg91MHPqhJUv19,sanctioned,Behrouz PARSARAD,published,ofac,OFAC SDN uid 53033; programs ILLICIT-DRUGS-EO14059; XBT; list of 10/02/2026
bitcoin,3GBGnqDqdiskCmfq2Rchk1LcBoSo4P3DZQ,sanctioned,Behrouz PARSARAD,published,ofac,OFAC SDN uid 53033; programs ILLICIT-DRUGS-EO14059; XBT; list of 10/02/2026
tron,TNmRfnSUXZoWWzxcDDbf95eGQYXt1mJDt8,sanctioned,FUNNULL TECHNOLOGY INC,published,ofac,OFAC SDN uid 53953; programs CYBER3; TRX; list of 10/02/2026
ethereum,0xd5ed34b52ac4ab84d8fa8a231a3218bbf01ed510,sanctioned,FUNNULL TECHNOLOGY INC,published,ofac,OFAC SDN uid 53953; programs CYBER3; ETH; list of 10/02/2026
polygon,0xd5ed34b52ac4ab84d8fa8a231a3218bbf01ed510,sanctioned,FUNNULL TECHNOLOGY INC,published,ofac,OFAC SDN uid 53953; programs CYBER3; ETH; list of 10/02/2026
bsc,0xd5ed34b52ac4ab84d8fa8a231a3218bbf01ed510,sanctioned,FUNNULL TECHNOLOGY INC,published,ofac,OFAC SDN uid 53953; programs CYBER3; ETH; list of 10/02/2026
bitcoin,18dLDAWi8LmrHbEq3QzDJb9SLxCf4uimXB,sanctioned,Aleksandr Aleksandrovich VOLOSOVIK,published,ofac,"OFAC SDN uid 53994; programs CAATSA - RUSSIA,CYBER4; XBT; list of 10/02/2026"
tron,TU4tDFRvcKhAZ1jdihojmBWZqvJhQCnJ4F,sanctioned,AEZA GROUP LLC,published,ofac,"OFAC SDN uid 54566; programs CYBER4,CAATSA - RUSSIA; TRX; list of 10/02/2026"
tron,TL1k1U6SHohxBqb68kCodxHc9y2LXoDSep,sanctioned,GRINEX,published,ofac,OFAC SDN uid 55045; programs CYBER4; TRX; list of 10/02/2026
tron,TNZxGWCwvsHr6JxQxzoeDXV597Yf7Zb7nV,sanctioned,GRINEX,published,ofac,OFAC SDN uid 55045; programs CYBER4; TRX; list of 10/02/2026
tron,TC8axQvzJEVR3NKN6mZnJtGy7537GEmh38,sanctioned,GRINEX,published,ofac,OFAC SDN uid 55045; programs CYBER4; TRX; list of 10/02/2026
tron,TEcuHDQthTmULe8fFLUccBPpjfXaTmJuuD,sanctioned,GRINEX,published,ofac,OFAC SDN uid 55045; programs CYBER4; TRX; list of 10/02/2026
tron,TAYhjpL8pPs8T84FSM329nffQpc6jD8GBM,sanctioned,GRINEX,published,ofac,OFAC SDN uid 55045; programs CYBER4; TRX; list of 10/02/2026
tron,TMuCgBejD5RsNANZdjGtaM3YyKGNgDoy7N,sanctioned,GRINEX,published,ofac,OFAC SDN uid 55045; programs CYBER4; TRX; list of 10/02/2026
tron,TGckaiamj5NzaYx6Qp6Zu7kahuHArzUo99,sanctioned,GRINEX,published,ofac,OFAC SDN uid 55045; programs CYBER4; TRX; list of 10/02/2026
ethereum,0x12de548f79a50d2bd05481c8515c1ef5183666a9,sanctioned,OLD VECTOR LLC,published,ofac,OFAC SDN uid 55046; programs CYBER4; ETH; list of 10/02/2026
polygon,0x12de548f79a50d2bd05481c8515c1ef5183666a9,sanctioned,OLD VECTOR LLC,published,ofac,OFAC SDN uid 55046; programs CYBER4; ETH; list of 10/02/2026
bsc,0x12de548f79a50d2bd05481c8515c1ef5183666a9,sanctioned,OLD VECTOR LLC,published,ofac,OFAC SDN uid 55046; programs CYBER4; ETH; list of 10/02/2026
tron,TCFD8N3vM5b4Gr5f1kkajQsodRVNyyAq1d,sanctioned,OLD VECTOR LLC,published,ofac,OFAC SDN uid 55046; programs CYBER4; TRX; list of 10/02/2026
bitcoin,1HmqvgSXUVES1jn4TQPzk9dxo1NE8wim2T,sanctioned,Vitaliy Sergeyevich ANDREYEV,published,ofac,OFAC SDN uid 55065; programs DPRK2; XBT; list of 10/02/2026
tron,TDFtJtyLPgN3oWUoHh23oJox3T5V5nR11K,sanctioned,Sadiq Abbas Habib SAYYED,published,ofac,OFAC SDN uid 55447; programs ILLICIT-DRUGS-EO14059; TRX; list of 10/02/2026
ethereum,0xdb2720ebad55399117ddb4c4a4afd9a4ccada8fe,sanctioned,Alireza DERAKHSHAN,published,ofac,"OFAC SDN uid 55484; programs IFSR,SDGT; ETH; list of 10/02/2026"
polygon,0xdb2720ebad55399117ddb4c4a4afd9a4ccada8fe,sanctioned,Alireza DERAKHSHAN,published,ofac,"OFAC SDN uid 55484; programs IFSR,SDGT; ETH; list of 10/02/2026"
bsc,0xdb2720ebad55399117ddb4c4a4afd9a4ccada8fe,sanctioned,Alireza DERAKHSHAN,published,ofac,"OFAC SDN uid 55484; programs IFSR,SDGT; ETH; list of 10/02/2026"
tron,TSxAAo67VTDgKT537EVXxdogkJtk9c6ojz,sanctioned,Alireza DERAKHSHAN,published,ofac,"OFAC SDN uid 55484; programs IFSR,SDGT; TRX; list of 10/02/2026"
ethereum,0xe3d35f68383732649669aa990832e017340dbca5,sanctioned,Arash Estaki ALIVAND,published,ofac,"OFAC SDN uid 55502; programs IFSR,SDGT; ETH; list of 10/02/2026"
polygon,0xe3d35f68383732649669aa990832e017340dbca5,sanctioned,Arash Estaki ALIVAND,published,ofac,"OFAC SDN uid 55502; programs IFSR,SDGT; ETH; list of 10/02/2026"
bsc,0xe3d35f68383732649669aa990832e017340dbca5,sanctioned,Arash Estaki ALIVAND,published,ofac,"OFAC SDN uid 55502; programs IFSR,SDGT; ETH; list of 10/02/2026"
ethereum,0x532b77b33a040587e9fd1800088225f99b8b0e8a,sanctioned,Arash Estaki ALIVAND,published,ofac,"OFAC SDN uid 55502; programs IFSR,SDGT; ETH; list of 10/02/2026"
polygon,0x532b77b33a040587e9fd1800088225f99b8b0e8a,sanctioned,Arash Estaki ALIVAND,published,ofac,"OFAC SDN uid 55502; programs IFSR,SDGT; ETH; list of 10/02/2026"
bsc,0x532b77b33a040587e9fd1800088225f99b8b0e8a,sanctioned,Arash Estaki ALIVAND,published,ofac,"OFAC SDN uid 55502; programs IFSR,SDGT; ETH; list of 10/02/2026"
tron,TYDUutYN4YLKUPeT7TG27Yyqw6kNVLq9QZ,sanctioned,Arash Estaki ALIVAND,published,ofac,"OFAC SDN uid 55502; programs IFSR,SDGT; TRX; list of 10/02/2026"
tron,TRakpsE1mZjCUMNPyozR4BW2ZtJsF7ZWFN,sanctioned,Arash Estaki ALIVAND,published,ofac,"OFAC SDN uid 55502; programs IFSR,SDGT; TRX; list of 10/02/2026"
tron,TQ5H49Wz3K57zNHmuXVp6uLzFwitxviABs,sanctioned,Arash Estaki ALIVAND,published,ofac,"OFAC SDN uid 55502; programs IFSR,SDGT; TRX; list of 10/02/2026"
bitcoin,bc1qeth6n6ryxexvkx34wnx3nuynun4474h3j0gkhw,sanctioned,Zhi CHEN,published,ofac,OFAC SDN uid 55505; programs TCO; XBT; list of 10/02/2026
bitcoin,bc1q2we5eqjj8je6lz9xwjattpc3pn4jejc5h0s70f,sanctioned,Zhi CHEN,published,ofac,OFAC SDN uid 55505; programs TCO; XBT; list of 10/02/2026
bitcoin,bc1qnujzvts45qka3cr2eqqw8ur3q6g6s0ze2wlk5m,sanctioned,Zhi CHEN,published,ofac,OFAC SDN uid 55505; programs TCO; XBT; list of 10/02/2026
bitcoin,bc1qw4fxztd5u3sl7vrcqwk2a8v5zh5dllvckx3tlt,sanctioned,Zhi CHEN,published,ofac,OFAC SDN uid 55505; programs TCO; XBT; list of 10/02/2026
bitcoin,3EynPFpoGTPxU9m5bPaEDEUxUanzh7vgQP,sanctioned,Zhi CHEN,published,ofac,OFAC SDN uid 55505; programs TCO; XBT; list of 10/02/2026
bitcoin,3FoD1f6Tfnq3s8MYHgJqFPWv9cUrtUdBSv,sanctioned,Zhi CHEN,published,ofac,OFAC SDN uid 55505; programs TCO; XBT; list of 10/02/2026
bitcoin,3MKXKqPXf6VxTLkVSXuDKzaTiZZaz5AmiK,sanctioned,Zhi CHEN,published,ofac,OFAC SDN uid 55505; programs TCO; XBT; list of 10/02/2026
bitcoin,386sPhHBbLidzPnoxUH74jiiYkHYtobefQ,sanctioned,Zhi CHEN,published,ofac,OFAC SDN uid 55505; programs TCO; XBT; list of 10/02/2026
bitcoin,35irs2AU6pVgenYbWvMRz22avDBLC9XMkd,sanctioned,Zhi CHEN,published,ofac,OFAC SDN uid 55505; programs TCO; XBT; list of 10/02/2026
bitcoin,36ia8qAE1k1PKQePdXENCm1YKLXxZyVnnc,sanctioned,Zhi CHEN,published,ofac,OFAC SDN uid 55505; programs TCO; XBT; list of 10/02/2026
bitcoin,374RguZDMNW5Zh5ouW3KhKDcrerKusmsuk,sanctioned,Zhi CHEN,published,ofac,OFAC SDN uid 55505; programs TCO; XBT; list of 10/02/2026
bitcoin,3CuqLrZWn5oCe6DRScdRwiFv8txcahrsG3,sanctioned,Zhi CHEN,published,ofac,OFAC SDN uid 55505; programs TCO; XBT; list of 10/02/2026
bitcoin,3MNWiGeoKAhtTrbJuUXpvSRYJSNvmyJSWE,sanctioned,Zhi CHEN,published,ofac,OFAC SDN uid 55505; programs TCO; XBT; list of 10/02/2026
bitcoin,39HJB4x6W5QuKFEuV1tfcfNveLRJTzcC12,sanctioned,Zhi CHEN,published,ofac,OFAC SDN uid 55505; programs TCO; XBT; list of 10/02/2026
bitcoin,3L1PSCgfPKJAfQCZcoKfbvWf1fBmWM1Bbs,sanctioned,Zhi CHEN,published,ofac,OFAC SDN uid 55505; programs TCO; XBT; list of 10/02/2026
bitcoin,3D44E2Z3PcLa868GeBNiP5E2GPTfVLULUJ,sanctioned,Zhi CHEN,published,ofac,OFAC SDN uid 55505; programs TCO; XBT; list of 10/02/2026
bitcoin,bc1qnq3pzsw3elkecrw8pqrz70r7zuse6cwyxa6dhc,sanctioned,Zhi CHEN,published,ofac,OFAC SDN uid 55505; programs TCO; XBT; list of 10/02/2026
bitcoin,bc1qeaxuj8vamvnxqveleaqgmae33x904xuzj836p3,sanctioned,Zhi CHEN,published,ofac,OFAC SDN uid 55505; programs TCO; XBT; list of 10/02/2026
bitcoin,bc1q66y45cq78ke25kz7rpe94l84avt7zetglzeeqg,sanctioned,Zhi CHEN,published,ofac,OFAC SDN uid 55505; programs TCO; XBT; list of 10/02/2026
bitcoin,bc1qu8mcqffx3jpdwnap88h85u5l5l0xq97438tz2x,sanctioned,Zhi CHEN,published,ofac,OFAC SDN uid 55505; programs TCO; XBT; list of 10/02/2026
bitcoin,bc1qw75cxmxz4e2v265mue9wmqgq2m0qdyr25l2ufl,sanctioned,Zhi CHEN,published,ofac,OFAC SDN uid 55505; programs TCO; XBT; list of 10/02/2026
bitcoin,bc1q7des766x6c0zkycz6dz6rfv066n3fcg4kggtrt,sanctioned,Zhi CHEN,published,ofac,OFAC SDN uid 55505; programs TCO; XBT; list of 10/02/2026
bitcoin,bc1qlwtksgusw8pp3k3a39mkmwvswujhhgn0ulp3uj,sanctioned,Zhi CHEN,published,ofac,OFAC SDN uid 55505; programs TCO; XBT; list of 10/02/2026
bitcoin,bc1qu4p4eynzu8vwwcv0yxq74gth00exjyech05uf0,sanctioned,Zhi CHEN,published,ofac,OFAC SDN uid 55505; programs TCO; XBT; list of 10/02/2026
bitcoin,bc1qw0pswznckx7s6tjmd2f5hrx4q6kc5nyrdxku50,sanctioned,Zhi CHEN,published,ofac,OFAC SDN uid 55505; programs TCO; XBT; list of 10/02/2026
bitcoin,bc1q9kja7t2zxz0ze4lcgxf0l07pygpc69ws528lj9,sanctioned,Zhi CHEN,published,ofac,OFAC SDN uid 55505; programs TCO; XBT; list of 10/02/2026
bitcoin,bc1qea942uw640l7nvtf3vplv6jd6wvuy06c58cd4k,sanctioned,Zhi CHEN,published,ofac,OFAC SDN uid 55505; programs TCO; XBT; list of 10/02/2026
bitcoin,bc1q6qze6uj6jncgnva4eghxn3tr4pm2frh77ad3k9,sanctioned,Zhi CHEN,published,ofac,OFAC SDN uid 55505; programs TCO; XBT; list of 10/02/2026
bitcoin,bc1qcx8vxxrld2s7qvz64qp75s3508rkzaxj65l60q,sanctioned,Zhi CHEN,published,ofac,OFAC SDN uid 55505; programs TCO; XBT; list of 10/02/2026
tron,TAoLw5yD5XUoHWeBZRSZ1ExK9HMv2CiPvP,sanctioned,Ryan James WEDDING,published,ofac,OFAC SDN uid 56357; programs ILLICIT-DRUGS-EO14059; TRX; list of 10/02/2026
tron,TVNyvx2astt2AB1Us67ENjfMZeEXZeiuu6,sanctioned,Ryan James WEDDING,published,ofac,OFAC SDN uid 56357; programs ILLICIT-DRUGS-EO14059; TRX; list of 10/02/2026
tron,TPJ1JNX98MJpHueBJeF5SVSg85z8mYg1P1,sanctioned,Ryan James WEDDING,published,ofac,OFAC SDN uid 56357; programs ILLICIT-DRUGS-EO14059; TRX; list of 10/02/2026
tron,TCu5onCzXuqxjvVzdB2tR4FLuF66d4yRqf,sanctioned,Rolan SOKOLOVSKI,published,ofac,OFAC SDN uid 56360; programs ILLICIT-DRUGS-EO14059; TRX; list of 10/02/2026
tron,TBcLqqqyZjNj1ptuXFgj5H768NhNU5nDyn,sanctioned,Rolan SOKOLOVSKI,published,ofac,OFAC SDN uid 56360; programs ILLICIT-DRUGS-EO14059; TRX; list of 10/02/2026
solana,42RLPACwZPx3vYYmxSueqsogfynBDqXK298EDsNoyoHi,sanctioned,Rolan SOKOLOVSKI,published,ofac,OFAC SDN uid 56360; programs ILLICIT-DRUGS-EO14059; SOL; list of 10/02/2026
bitcoin,37fKFZQGMqdBkjSUub1jCDWGgSHwv9VxfZ,sanctioned,Rolan SOKOLOVSKI,published,ofac,OFAC SDN uid 56360; programs ILLICIT-DRUGS-EO14059; XBT; list of 10/02/2026
bitcoin,1JPqJ8sxLBvdHBqMqSFBmUkoh2vAuCUNvs,sanctioned,Rolan SOKOLOVSKI,published,ofac,OFAC SDN uid 56360; programs ILLICIT-DRUGS-EO14059; XBT; list of 10/02/2026
ethereum,0x5d5b5dafecbf31bdb08bfd3edad4f2694372d0ef,sanctioned,Rolan SOKOLOVSKI,published,ofac,OFAC SDN uid 56360; programs ILLICIT-DRUGS-EO14059; ETH; list of 10/02/2026
polygon,0x5d5b5dafecbf31bdb08bfd3edad4f2694372d0ef,sanctioned,Rolan SOKOLOVSKI,published,ofac,OFAC SDN uid 56360; programs ILLICIT-DRUGS-EO14059; ETH; list of 10/02/2026
bsc,0x5d5b5dafecbf31bdb08bfd3edad4f2694372d0ef,sanctioned,Rolan SOKOLOVSKI,published,ofac,OFAC SDN uid 56360; programs ILLICIT-DRUGS-EO14059; ETH; list of 10/02/2026
ethereum,0xc103b7dc095c904b92081eef0c1640081ec01c10,sanctioned,Rolan SOKOLOVSKI,published,ofac,OFAC SDN uid 56360; programs ILLICIT-DRUGS-EO14059; ETH; list of 10/02/2026
polygon,0xc103b7dc095c904b92081eef0c1640081ec01c10,sanctioned,Rolan SOKOLOVSKI,published,ofac,OFAC SDN uid 56360; programs ILLICIT-DRUGS-EO14059; ETH; list of 10/02/2026
bsc,0xc103b7dc095c904b92081eef0c1640081ec01c10,sanctioned,Rolan SOKOLOVSKI,published,ofac,OFAC SDN uid 56360; programs ILLICIT-DRUGS-EO14059; ETH; list of 10/02/2026
ethereum,0xe1e4c5e5ed8f03ae61b581e2def126025f2b9401,sanctioned,Rolan SOKOLOVSKI,published,ofac,OFAC SDN uid 56360; programs ILLICIT-DRUGS-EO14059; ETH; list of 10/02/2026
polygon,0xe1e4c5e5ed8f03ae61b581e2def126025f2b9401,sanctioned,Rolan SOKOLOVSKI,published,ofac,OFAC SDN uid 56360; programs ILLICIT-DRUGS-EO14059; ETH; list of 10/02/2026
bsc,0xe1e4c5e5ed8f03ae61b581e2def126025f2b9401,sanctioned,Rolan SOKOLOVSKI,published,ofac,OFAC SDN uid 56360; programs ILLICIT-DRUGS-EO14059; ETH; list of 10/02/2026
tron,TCA9vmjsYw9MtPKEwRBtGhKFRfr4CLxJAv,sanctioned,ZEDCEX EXCHANGE LTD,published,ofac,"OFAC SDN uid 56865; programs IRAN-EO13902,SDGT,IFSR; TRX; list of 10/02/2026"
tron,TGsNFrgWfbGN2gX25Wcf8oTejtxtQkvmEx,sanctioned,ZEDCEX EXCHANGE LTD,published,ofac,"OFAC SDN uid 56865; programs IRAN-EO13902,SDGT,IFSR; TRX; list of 10/02/2026"
tron,TASWbk6X1wiTku5TMmMQYqYFvshVEtfJy8,sanctioned,ZEDCEX EXCHANGE LTD,published,ofac,"OFAC SDN uid 56865; programs IRAN-EO13902,SDGT,IFSR; TRX; list of 10/02/2026"
tron,TTS9o5KkpGgH8cK9LofLmMAPYb5zfQvSNa,sanctioned,ZEDCEX EXCHANGE LTD,published,ofac,"OFAC SDN uid 56865; programs IRAN-EO13902,SDGT,IFSR; TRX; list of 10/02/2026"
tron,TCzq6m2zxnQkrZrf8cqYcK6bbXQYAfWYKC,sanctioned,ZEDCEX EXCHANGE LTD,published,ofac,"OFAC SDN uid 56865; programs IRAN-EO13902,SDGT,IFSR; TRX; list of 10/02/2026"
tron,TLvuvpfBKdxddxSsJefeiGCe9eVY8HUroE,sanctioned,ZEDCEX EXCHANGE LTD,published,ofac,"OFAC SDN uid 56865; programs IRAN-EO13902,SDGT,IFSR; TRX; list of 10/02/2026"
tron,TNuA5CQ6LB4jTHoNrjEeQZJmcmhQuHMbQ7,sanctioned,ZEDCEX EXCHANGE LTD,published,ofac,"OFAC SDN uid 56865; programs IRAN-EO13902,SDGT,IFSR; TRX; list of 10/02/2026"
ethereum,0xb637f84b66876ebf609c2a4208905f9ddac9d075,sanctioned,Song Guk YUN,published,ofac,OFAC SDN uid 57034; programs DPRK4; ETH; list of 10/02/2026
polygon,0xb637f84b66876ebf609c2a4208905f9ddac9d075,sanctioned,Song Guk YUN,published,ofac,OFAC SDN uid 57034; programs DPRK4; ETH; list of 10/02/2026
bsc,0xb637f84b66876ebf609c2a4208905f9ddac9d075,sanctioned,Song Guk YUN,published,ofac,OFAC SDN uid 57034; programs DPRK4; ETH; list of 10/02/2026
ethereum,0x95584c303fcd48af5c6b9873015f2ad0ca84eae3,sanctioned,Song Guk YUN,published,ofac,OFAC SDN uid 57034; programs DPRK4; ETH; list of 10/02/2026
polygon,0x95584c303fcd48af5c6b9873015f2ad0ca84eae3,sanctioned,Song Guk YUN,published,ofac,OFAC SDN uid 57034; programs DPRK4; ETH; list of 10/02/2026
bsc,0x95584c303fcd48af5c6b9873015f2ad0ca84eae3,sanctioned,Song Guk YUN,published,ofac,OFAC SDN uid 57034; programs DPRK4; ETH; list of 10/02/2026
bitcoin,bc1qyy5pt5cx3zth8xlj92lq5y87dh8xv3nwgs4ncq,sanctioned,Minh Quang HOANG,published,ofac,OFAC SDN uid 57035; programs DPRK4; XBT; list of 10/02/2026
tron,TNrX2FwrHKoo4XACGkmSzqeK4pdnKYn6Z7,sanctioned,AMNOKGANG TECHNOLOGY DEVELOPMENT COMPANY,published,ofac,OFAC SDN uid 57056; programs DPRK4; TRX; list of 10/02/2026
tron,TEEYCuGDyeNkuDj4u6GQRXxXo3Nh29r2vP,sanctioned,AMNOKGANG TECHNOLOGY DEVELOPMENT COMPANY,published,ofac,OFAC SDN uid 57056; programs DPRK4; TRX; list of 10/02/2026
tron,TZB4NrX7k9ZsV6PRc1GigAztLL8WHpLvwP,sanctioned,AMNOKGANG TECHNOLOGY DEVELOPMENT COMPANY,published,ofac,OFAC SDN uid 57056; programs DPRK4; TRX; list of 10/02/2026
tron,TDe2UNAvuUnTbbDo7518eMe3TXN5qJW8Ft,sanctioned,AMNOKGANG TECHNOLOGY DEVELOPMENT COMPANY,published,ofac,OFAC SDN uid 57056; programs DPRK4; TRX; list of 10/02/2026
ethereum,0xcb74874f1e06fcf80a306e06e5379a44b488ba2d,sanctioned,AMNOKGANG TECHNOLOGY DEVELOPMENT COMPANY,published,ofac,OFAC SDN uid 57056; programs DPRK4; ETH; list of 10/02/2026
polygon,0xcb74874f1e06fcf80a306e06e5379a44b488ba2d,sanctioned,AMNOKGANG TECHNOLOGY DEVELOPMENT COMPANY,published,ofac,OFAC SDN uid 57056; programs DPRK4; ETH; list of 10/02/2026
bsc,0xcb74874f1e06fcf80a306e06e5379a44b488ba2d,sanctioned,AMNOKGANG TECHNOLOGY DEVELOPMENT COMPANY,published,ofac,OFAC SDN uid 57056; programs DPRK4; ETH; list of 10/02/2026
ethereum,0x0330070fd38ec3bb94f58fa55d40368271e9e54a,sanctioned,AMNOKGANG TECHNOLOGY DEVELOPMENT COMPANY,published,ofac,OFAC SDN uid 57056; programs DPRK4; ETH; list of 10/02/2026
polygon,0x0330070fd38ec3bb94f58fa55d40368271e9e54a,sanctioned,AMNOKGANG TECHNOLOGY DEVELOPMENT COMPANY,published,ofac,OFAC SDN uid 57056; programs DPRK4; ETH; list of 10/02/2026
bsc,0x0330070fd38ec3bb94f58fa55d40368271e9e54a,sanctioned,AMNOKGANG TECHNOLOGY DEVELOPMENT COMPANY,published,ofac,OFAC SDN uid 57056; programs DPRK4; ETH; list of 10/02/2026
ethereum,0x9be599d7867f5e1a2d7ec6db9710df2b98a15573,sanctioned,AMNOKGANG TECHNOLOGY DEVELOPMENT COMPANY,published,ofac,OFAC SDN uid 57056; programs DPRK4; ETH; list of 10/02/2026
polygon,0x9be599d7867f5e1a2d7ec6db9710df2b98a15573,sanctioned,AMNOKGANG TECHNOLOGY DEVELOPMENT COMPANY,published,ofac,OFAC SDN uid 57056; programs DPRK4; ETH; list of 10/02/2026
bsc,0x9be599d7867f5e1a2d7ec6db9710df2b98a15573,sanctioned,AMNOKGANG TECHNOLOGY DEVELOPMENT COMPANY,published,ofac,OFAC SDN uid 57056; programs DPRK4; ETH; list of 10/02/2026
bitcoin,bc1qr2pwmvkpq5tc5um2g9uh34yyu6wepwx89rts70,sanctioned,Keyvan Fayyaz Gareh BLAGH,published,ofac,OFAC SDN uid 57061; programs CYBER4; XBT; list of 10/02/2026
bitcoin,bc1q4ktvxxhhvf8qhs9qkdsm9arcxfmmeex6rl7n50,sanctioned,Keyvan Fayyaz Gareh BLAGH,published,ofac,OFAC SDN uid 57061; programs CYBER4; XBT; list of 10/02/2026
bitcoin,bc1qf6zxs4lkp9umh6hf087mh70w0ymcyt8cunp58r,sanctioned,Keyvan Fayyaz Gareh BLAGH,published,ofac,OFAC SDN uid 57061; programs CYBER4; XBT; list of 10/02/2026
ethereum,0x4060cbf80734193f521a3cc6fd4e985df2825279,sanctioned,Keyvan Fayyaz Gareh BLAGH,published,ofac,OFAC SDN uid 57061; programs CYBER4; ETH; list of 10/02/2026
polygon,0x4060cbf80734193f521a3cc6fd4e985df2825279,sanctioned,Keyvan Fayyaz Gareh BLAGH,published,ofac,OFAC SDN uid 57061; programs CYBER4; ETH; list of 10/02/2026
bsc,0x4060cbf80734193f521a3cc6fd4e985df2825279,sanctioned,Keyvan Fayyaz Gareh BLAGH,published,ofac,OFAC SDN uid 57061; programs CYBER4; ETH; list of 10/02/2026
ethereum,0x56de1527136f76a809e5b14ded6103eecd072ba7,sanctioned,Keyvan Fayyaz Gareh BLAGH,published,ofac,OFAC SDN uid 57061; programs CYBER4; ETH; list of 10/02/2026
polygon,0x56de1527136f76a809e5b14ded6103eecd072ba7,sanctioned,Keyvan Fayyaz Gareh BLAGH,published,ofac,OFAC SDN uid 57061; programs CYBER4; ETH; list of 10/02/2026
bsc,0x56de1527136f76a809e5b14ded6103eecd072ba7,sanctioned,Keyvan Fayyaz Gareh BLAGH,published,ofac,OFAC SDN uid 57061; programs CYBER4; ETH; list of 10/02/2026
ethereum,0x8694ed130432be2cd3efff2e4d9dc52351dc7423,sanctioned,Keyvan Fayyaz Gareh BLAGH,published,ofac,OFAC SDN uid 57061; programs CYBER4; ETH; list of 10/02/2026
polygon,0x8694ed130432be2cd3efff2e4d9dc52351dc7423,sanctioned,Keyvan Fayyaz Gareh BLAGH,published,ofac,OFAC SDN uid 57061; programs CYBER4; ETH; list of 10/02/2026
bsc,0x8694ed130432be2cd3efff2e4d9dc52351dc7423,sanctioned,Keyvan Fayyaz Gareh BLAGH,published,ofac,OFAC SDN uid 57061; programs CYBER4; ETH; list of 10/02/2026
ethereum,0xbd3276f265b83b5e828c05f46cde9d10a1521a24,sanctioned,Keyvan Fayyaz Gareh BLAGH,published,ofac,OFAC SDN uid 57061; programs CYBER4; ETH; list of 10/02/2026
polygon,0xbd3276f265b83b5e828c05f46cde9d10a1521a24,sanctioned,Keyvan Fayyaz Gareh BLAGH,published,ofac,OFAC SDN uid 57061; programs CYBER4; ETH; list of 10/02/2026
bsc,0xbd3276f265b83b5e828c05f46cde9d10a1521a24,sanctioned,Keyvan Fayyaz Gareh BLAGH,published,ofac,OFAC SDN uid 57061; programs CYBER4; ETH; list of 10/02/2026
ethereum,0xf1c4c44d2dcbcfa704349e3b57628dbd8404e597,sanctioned,Keyvan Fayyaz Gareh BLAGH,published,ofac,OFAC SDN uid 57061; programs CYBER4; ETH; list of 10/02/2026
polygon,0xf1c4c44d2dcbcfa704349e3b57628dbd8404e597,sanctioned,Keyvan Fayyaz Gareh BLAGH,published,ofac,OFAC SDN uid 57061; programs CYBER4; ETH; list of 10/02/2026
bsc,0xf1c4c44d2dcbcfa704349e3b57628dbd8404e597,sanctioned,Keyvan Fayyaz Gareh BLAGH,published,ofac,OFAC SDN uid 57061; programs CYBER4; ETH; list of 10/02/2026
tron,TP3kVtnFgDSoSqzw178nLJtGWNjrbKNgB6,sanctioned,Keyvan Fayyaz Gareh BLAGH,published,ofac,OFAC SDN uid 57061; programs CYBER4; TRX; list of 10/02/2026
tron,TXR4FDAZZLDSvuRxveW9aBMybbaS12WWHk,sanctioned,Keyvan Fayyaz Gareh BLAGH,published,ofac,OFAC SDN uid 57061; programs CYBER4; TRX; list of 10/02/2026
bitcoin,1GXeCkFQq7SYo6B7wdLAPkkri6NFTFB7No,sanctioned,Mojtaba GHAL'EH-KUHI,published,ofac,OFAC SDN uid 57064; programs CYBER4; XBT; list of 10/02/2026
ethereum,0x1b8579cf6ab12ea6b74ac5fa41f3829a3cb61e6e,sanctioned,Mojtaba GHAL'EH-KUHI,published,ofac,OFAC SDN uid 57064; programs CYBER4; ETH; list of 10/02/2026
polygon,0x1b8579cf6ab12ea6b74ac5fa41f3829a3cb61e6e,sanctioned,Mojtaba GHAL'EH-KUHI,published,ofac,OFAC SDN uid 57064; programs CYBER4; ETH; list of 10/02/2026
bsc,0x1b8579cf6ab12ea6b74ac5fa41f3829a3cb61e6e,sanctioned,Mojtaba GHAL'EH-KUHI,published,ofac,OFAC SDN uid 57064; programs CYBER4; ETH; list of 10/02/2026
bitcoin,1JGPiQGK78xTxAVoxA1MjK3Z15M84Rj6BL,sanctioned,Arman KAHZADIAN,published,ofac,OFAC SDN uid 57065; programs CYBER4; XBT; list of 10/02/2026
ethereum,0xeb507efa9ee692a4c774ad1de9f3cb26fc459da3,sanctioned,Arman KAHZADIAN,published,ofac,OFAC SDN uid 57065; programs CYBER4; ETH; list of 10/02/2026
polygon,0xeb507efa9ee692a4c774ad1de9f3cb26fc459da3,sanctioned,Arman KAHZADIAN,published,ofac,OFAC SDN uid 57065; programs CYBER4; ETH; list of 10/02/2026
bsc,0xeb507efa9ee692a4c774ad1de9f3cb26fc459da3,sanctioned,Arman KAHZADIAN,published,ofac,OFAC SDN uid 57065; programs CYBER4; ETH; list of 10/02/2026
ethereum,0xef85a6fafa5942a964dc618e94e230881d29ce2a,sanctioned,Arman KAHZADIAN,published,ofac,OFAC SDN uid 57065; programs CYBER4; ETH; list of 10/02/2026
polygon,0xef85a6fafa5942a964dc618e94e230881d29ce2a,sanctioned,Arman KAHZADIAN,published,ofac,OFAC SDN uid 57065; programs CYBER4; ETH; list of 10/02/2026
bsc,0xef85a6fafa5942a964dc618e94e230881d29ce2a,sanctioned,Arman KAHZADIAN,published,ofac,OFAC SDN uid 57065; programs CYBER4; ETH; list of 10/02/2026
ethereum,0x038989cbb1710c72b9920dc4fa529158f463e72c,sanctioned,Armando de Jesus OJEDA AVILES,published,ofac,"OFAC SDN uid 57107; programs ILLICIT-DRUGS-EO14059,SDGT; ETH; list of 10/02/2026"
polygon,0x038989cbb1710c72b9920dc4fa529158f463e72c,sanctioned,Armando de Jesus OJEDA AVILES,published,ofac,"OFAC SDN uid 57107; programs ILLICIT-DRUGS-EO14059,SDGT; ETH; list of 10/02/2026"
bsc,0x038989cbb1710c72b9920dc4fa529158f463e72c,sanctioned,Armando de Jesus OJEDA AVILES,published,ofac,"OFAC SDN uid 57107; programs ILLICIT-DRUGS-EO14059,SDGT; ETH; list of 10/02/2026"
ethereum,0x14779cec0b117d5194c750c55ea1f42086631964,sanctioned,Armando de Jesus OJEDA AVILES,published,ofac,"OFAC SDN uid 57107; programs ILLICIT-DRUGS-EO14059,SDGT; ETH; list of 10/02/2026"
polygon,0x14779cec0b117d5194c750c55ea1f42086631964,sanctioned,Armando de Jesus OJEDA AVILES,published,ofac,"OFAC SDN uid 57107; programs ILLICIT-DRUGS-EO14059,SDGT; ETH; list of 10/02/2026"
bsc,0x14779cec0b117d5194c750c55ea1f42086631964,sanctioned,Armando de Jesus OJEDA AVILES,published,ofac,"OFAC SDN uid 57107; programs ILLICIT-DRUGS-EO14059,SDGT; ETH; list of 10/02/2026"
ethereum,0x32da24ca413f3e7b53145d4737e172c3bdf81e3e,sanctioned,Armando de Jesus OJEDA AVILES,published,ofac,"OFAC SDN uid 57107; programs ILLICIT-DRUGS-EO14059,SDGT; ETH; list of 10/02/2026"
polygon,0x32da24ca413f3e7b53145d4737e172c3bdf81e3e,sanctioned,Armando de Jesus OJEDA AVILES,published,ofac,"OFAC SDN uid 57107; programs ILLICIT-DRUGS-EO14059,SDGT; ETH; list of 10/02/2026"
bsc,0x32da24ca413f3e7b53145d4737e172c3bdf81e3e,sanctioned,Armando de Jesus OJEDA AVILES,published,ofac,"OFAC SDN uid 57107; programs ILLICIT-DRUGS-EO14059,SDGT; ETH; list of 10/02/2026"
ethereum,0xf2235d55b2950a0b1317469d72d07ae65b2e27cb,sanctioned,Armando de Jesus OJEDA AVILES,published,ofac,"OFAC SDN uid 57107; programs ILLICIT-DRUGS-EO14059,SDGT; ETH; list of 10/02/2026"
polygon,0xf2235d55b2950a0b1317469d72d07ae65b2e27cb,sanctioned,Armando de Jesus OJEDA AVILES,published,ofac,"OFAC SDN uid 57107; programs ILLICIT-DRUGS-EO14059,SDGT; ETH; list of 10/02/2026"
bsc,0xf2235d55b2950a0b1317469d72d07ae65b2e27cb,sanctioned,Armando de Jesus OJEDA AVILES,published,ofac,"OFAC SDN uid 57107; programs ILLICIT-DRUGS-EO14059,SDGT; ETH; list of 10/02/2026"
ethereum,0x4f428c11dc82388fa5136d636e613ad923eb700b,sanctioned,Armando de Jesus OJEDA AVILES,published,ofac,"OFAC SDN uid 57107; programs ILLICIT-DRUGS-EO14059,SDGT; ETH; list of 10/02/2026"
polygon,0x4f428c11dc82388fa5136d636e613ad923eb700b,sanctioned,Armando de Jesus OJEDA AVILES,published,ofac,"OFAC SDN uid 57107; programs ILLICIT-DRUGS-EO14059,SDGT; ETH; list of 10/02/2026"
bsc,0x4f428c11dc82388fa5136d636e613ad923eb700b,sanctioned,Armando de Jesus OJEDA AVILES,published,ofac,"OFAC SDN uid 57107; programs ILLICIT-DRUGS-EO14059,SDGT; ETH; list of 10/02/2026"
ethereum,0xac4cc4b68ea24bbfaac8fd127b67ed445accce22,sanctioned,Rodrigo ALARCON PALOMARES,published,ofac,OFAC SDN uid 57118; programs ILLICIT-DRUGS-EO14059; ETH; list of 10/02/2026
polygon,0xac4cc4b68ea24bbfaac8fd127b67ed445accce22,sanctioned,Rodrigo ALARCON PALOMARES,published,ofac,OFAC SDN uid 57118; programs ILLICIT-DRUGS-EO14059; ETH; list of 10/02/2026
bsc,0xac4cc4b68ea24bbfaac8fd127b67ed445accce22,sanctioned,Rodrigo ALARCON PALOMARES,published,ofac,OFAC SDN uid 57118; programs ILLICIT-DRUGS-EO14059; ETH; list of 10/02/2026
tron,TBXMiRqUp1XH1zLazWu8cWitMAScv4HsYq,sanctioned,Miloud ABDERRAHMANE,published,ofac,OFAC SDN uid 57961; programs SDGT; TRX; list of 10/02/2026
tron,TDFj8tYzfLDkwEMo4MJ2DfrbpMztuCCnan,sanctioned,Miloud ABDERRAHMANE,published,ofac,OFAC SDN uid 57961; programs SDGT; TRX; list of 10/02/2026
bitcoin,bc1qdnr88f4d2yqunnc4mjsguezm6g3mlwe44z5dw8,sanctioned,FIRST VPN SERVICE,published,ofac,OFAC SDN uid 57975; programs CYBER4; XBT; list of 10/02/2026
bitcoin,bc1qr4ankqmvmrhce3ydvzse86dfx5s3zhehfr9tg9,sanctioned,FIRST VPN SERVICE,published,ofac,OFAC SDN uid 57975; programs CYBER4; XBT; list of 10/02/2026
ethereum,0x2711d73d559f62f4f855ee21f38378f528e07985,sanctioned,FIRST VPN SERVICE,published,ofac,OFAC SDN uid 57975; programs CYBER4; ETH; list of 10/02/2026
polygon,0x2711d73d559f62f4f855ee21f38378f528e07985,sanctioned,FIRST VPN SERVICE,published,ofac,OFAC SDN uid 57975; programs CYBER4; ETH; list of 10/02/2026
bsc,0x2711d73d559f62f4f855ee21f38378f528e07985,sanctioned,FIRST VPN SERVICE,published,ofac,OFAC SDN uid 57975; programs CYBER4; ETH; list of 10/02/2026
tron,TUuaxBAWfA5nmsqNfycxYrzEvz4a5GJMGY,sanctioned,FIRST VPN SERVICE,published,ofac,OFAC SDN uid 57975; programs CYBER4; TRX; list of 10/02/2026
tron,TTLRNgLpz5H5tLPuNU4FViUs7zmmAtyvzW,sanctioned,Dmytro RASHEVSKYI,published,ofac,OFAC SDN uid 57978; programs CYBER4; TRX; list of 10/02/2026
tron,TBFW9gF4oDX5cG44gS7AoxQeujScmm3z6h,sanctioned,Dmytro RASHEVSKYI,published,ofac,OFAC SDN uid 57978; programs CYBER4; TRX; list of 10/02/2026
solana,Fc1EwQUZyTEagaDvA1utHXCcZNyG1x2PLt2DfNu1cJdH,sanctioned,Dmytro RASHEVSKYI,published,ofac,OFAC SDN uid 57978; programs CYBER4; SOL; list of 10/02/2026
solana,FuCC7GoYwt5TsNTjWL23Xx9UKCvC18chjMEFPL3vJDCC,sanctioned,Dmytro RASHEVSKYI,published,ofac,OFAC SDN uid 57978; programs CYBER4; SOL; list of 10/02/2026
bitcoin,1MTndG4K51RRMvkzyvguaHnQpiMLnxFGzM,sanctioned,Dmytro RASHEVSKYI,published,ofac,OFAC SDN uid 57978; programs CYBER4; XBT; list of 10/02/2026
bitcoin,1DfyWkiXVVqWfcSduj23qTDis9kb2qvRDa,sanctioned,Dmytro RASHEVSKYI,published,ofac,OFAC SDN uid 57978; programs CYBER4; XBT; list of 10/02/2026
ethereum,0x1d19b52b54e7ef5ea1a4b40b616165e798eac9f8,sanctioned,Dmytro RASHEVSKYI,published,ofac,OFAC SDN uid 57978; programs CYBER4; ETH; list of 10/02/2026
polygon,0x1d19b52b54e7ef5ea1a4b40b616165e798eac9f8,sanctioned,Dmytro RASHEVSKYI,published,ofac,OFAC SDN uid 57978; programs CYBER4; ETH; list of 10/02/2026
bsc,0x1d19b52b54e7ef5ea1a4b40b616165e798eac9f8,sanctioned,Dmytro RASHEVSKYI,published,ofac,OFAC SDN uid 57978; programs CYBER4; ETH; list of 10/02/2026
ethereum,0x2c7dcd774b33e10367f7d6385479e04f97d179dc,sanctioned,Dmytro RASHEVSKYI,published,ofac,OFAC SDN uid 57978; programs CYBER4; ETH; list of 10/02/2026
polygon,0x2c7dcd774b33e10367f7d6385479e04f97d179dc,sanctioned,Dmytro RASHEVSKYI,published,ofac,OFAC SDN uid 57978; programs CYBER4; ETH; list of 10/02/2026
bsc,0x2c7dcd774b33e10367f7d6385479e04f97d179dc,sanctioned,Dmytro RASHEVSKYI,published,ofac,OFAC SDN uid 57978; programs CYBER4; ETH; list of 10/02/2026
tron,TJjRAn9kLiyh8h6gjBjaYjkfDkskgZfyW9,sanctioned,Anibal Alexander CANELON AGUIRRE,published,ofac,"OFAC SDN uid 58161; programs SDGT,TCO; TRX; list of 10/02/2026"
tron,TPyE2oSoaysrXfLzwf9wetBVr9JudLwjtD,sanctioned,Zaid Issam Ahmed AL-JEBOURI,published,ofac,OFAC SDN uid 58199; programs SDGT; TRX; list of 10/02/2026
tron,TVgUsVzA7mpFExP4zS7HHbtKti6UuBDuwZ,sanctioned,Zaid Issam Ahmed AL-JEBOURI,published,ofac,OFAC SDN uid 58199; programs SDGT; TRX; list of 10/02/2026
tron,TLoG3vbjDgqmTD5bM7w9rMgA6ysaNReuRy,sanctioned,Zaid Issam Ahmed AL-JEBOURI,published,ofac,OFAC SDN uid 58199; programs SDGT; TRX; list of 10/02/2026
tron,TAhHpxPRwo1Bmm1A9m51uZ31tcB7EPq7SY,sanctioned,Zaid Issam Ahmed AL-JEBOURI,published,ofac,OFAC SDN uid 58199; programs SDGT; TRX; list of 10/02/2026
tron,TScXZTbDjjZ6a6jiC7dZjgCqfNo4vm7atV,sanctioned,Zaid Issam Ahmed AL-JEBOURI,published,ofac,OFAC SDN uid 58199; programs SDGT; TRX; list of 10/02/2026
tron,TGr2i8ZQiiMRjP3mWyQUH2MQBfKu8GJNqm,sanctioned,Zaid Issam Ahmed AL-JEBOURI,published,ofac,OFAC SDN uid 58199; programs SDGT; TRX; list of 10/02/2026
tron,THJUJFyTnrBWb1ijWav7qfRBrjUuKgP49Z,sanctioned,Zaid Issam Ahmed AL-JEBOURI,published,ofac,OFAC SDN uid 58199; programs SDGT; TRX; list of 10/02/2026
tron,TCifMAMwst3oEJx8GaNfqZw75dkFUa8vjG,sanctioned,Carlos Javier MARTINEZ ARMENTA,published,ofac,"OFAC SDN uid 58254; programs SDGT,TCO; TRX; list of 10/02/2026"
tron,TWJmTGhquvdp1jhBmgeGxBBwefteGZUQYW,sanctioned,Alejandro MEJIA CASTILLO,published,ofac,"OFAC SDN uid 58255; programs SDGT,TCO; TRX; list of 10/02/2026"
tron,THwbVuBBb26abe5TrAsYUpYz9mhWnBppdz,sanctioned,Jose Dario GALEANO BAZURTO,published,ofac,"OFAC SDN uid 58256; programs SDGT,TCO; TRX; list of 10/02/2026"
tron,TCUmMCHQEbFFdGvfdg2LeS64QfzUKP2AgW,sanctioned,Eric Gabriel CARDENAS ARZOLA,published,ofac,"OFAC SDN uid 58257; programs SDGT,TCO; TRX; list of 10/02/2026"
bitcoin,1G1V1b9s9uPsFCNL15ibZk44xsVygKsP2u,sanctioned,CRYPTO HOME DMCC,published,ofac,OFAC SDN uid 58258; programs SDGT; XBT; list of 10/02/2026
ethereum,0xbb69e01921b17cd22080968bcc96ba6115da6062,sanctioned,CRYPTO HOME DMCC,published,ofac,OFAC SDN uid 58258; programs SDGT; ETH; list of 10/02/2026
polygon,0xbb69e01921b17cd22080968bcc96ba6115da6062,sanctioned,CRYPTO HOME DMCC,published,ofac,OFAC SDN uid 58258; programs SDGT; ETH; list of 10/02/2026
bsc,0xbb69e01921b17cd22080968bcc96ba6115da6062,sanctioned,CRYPTO HOME DMCC,published,ofac,OFAC SDN uid 58258; programs SDGT; ETH; list of 10/02/2026
tron,TTVJuXWCusAURrpNShiypauagEH1N4CrxV,sanctioned,CRYPTO HOME DMCC,published,ofac,OFAC SDN uid 58258; programs SDGT; TRX; list of 10/02/2026
tron,TDxZ1XTZCmqkJJW2eJT362z6omRchJyGBX,sanctioned,Oscar Leonardo MARTINEZ PIRONA,published,ofac,"OFAC SDN uid 58260; programs SDGT,TCO; TRX; list of 10/02/2026"
tron,TBEmt7kPSwAv6NJTYKNdBVW524bUfPwJpJ,sanctioned,Anthony Wuiliam HERNANDEZ GUERRERO,published,ofac,"OFAC SDN uid 58262; programs SDGT,TCO; TRX; list of 10/02/2026"
bitcoin,15Zt2mKuQ5Qy6DEXfDcbtsEVneoGQQXrS4,sanctioned,Siavash KAYVANPOUR,published,ofac,"OFAC SDN uid 58284; programs SDGT,IRGC; XBT; list of 10/02/2026"
bitcoin,1BUXxhcwzFukm9CUxnhag85sSXDkMRbXse,sanctioned,Siavash KAYVANPOUR,published,ofac,"OFAC SDN uid 58284; programs SDGT,IRGC; XBT; list of 10/02/2026"
ethereum,0x8d79c73daae8630c88de372ba8f57592fa987607,sanctioned,Siavash KAYVANPOUR,published,ofac,"OFAC SDN uid 58284; programs SDGT,IRGC; ETH; list of 10/02/2026"
polygon,0x8d79c73daae8630c88de372ba8f57592fa987607,sanctioned,Siavash KAYVANPOUR,published,ofac,"OFAC SDN uid 58284; programs SDGT,IRGC; ETH; list of 10/02/2026"
bsc,0x8d79c73daae8630c88de372ba8f57592fa987607,sanctioned,Siavash KAYVANPOUR,published,ofac,"OFAC SDN uid 58284; programs SDGT,IRGC; ETH; list of 10/02/2026"
tron,TPgxjjB6AJeMSQFngbUM6dMMxPHa9GEtYa,sanctioned,Siavash KAYVANPOUR,published,ofac,"OFAC SDN uid 58284; programs SDGT,IRGC; TRX; list of 10/02/2026"
tron,TXN3hVukebhyYR31YPCYd7aJAvmUeXu1ab,sanctioned,SHPS SHELBIT,published,ofac,OFAC SDN uid 58287; programs SDGT; TRX; list of 10/02/2026
solana,6wjqWWra8ombzaw6VHrG5xpQ972jCYF6bbHiFCbWmr4U,sanctioned,SHPS SHELBIT,published,ofac,OFAC SDN uid 58287; programs SDGT; SOL; list of 10/02/2026
bitcoin,bc1qjzk63wwatq2f638psymq3qapn00aqgksyx56l3t8eg7zuuccwasq498khf,sanctioned,SHPS SHELBIT,published,ofac,OFAC SDN uid 58287; programs SDGT; XBT; list of 10/02/2026
bitcoin,bc1qz654h5qcqzalv6ltpxsk4ksdcc3e20wkedqntgnarv3a0t2e2p7scr48pl,sanctioned,SHPS SHELBIT,published,ofac,OFAC SDN uid 58287; programs SDGT; XBT; list of 10/02/2026
ethereum,0xe05f529f5284d75624eba386cb716928c3b54a2a,sanctioned,SHPS SHELBIT,published,ofac,OFAC SDN uid 58287; programs SDGT; ETH; list of 10/02/2026
polygon,0xe05f529f5284d75624eba386cb716928c3b54a2a,sanctioned,SHPS SHELBIT,published,ofac,OFAC SDN uid 58287; programs SDGT; ETH; list of 10/02/2026
bsc,0xe05f529f5284d75624eba386cb716928c3b54a2a,sanctioned,SHPS SHELBIT,published,ofac,OFAC SDN uid 58287; programs SDGT; ETH; list of 10/02/2026
ethereum,0x6b69e2a7545c166417a80c61a77562052bffa9c5,sanctioned,SHPS SHELBIT,published,ofac,OFAC SDN uid 58287; programs SDGT; ETH; list of 10/02/2026
polygon,0x6b69e2a7545c166417a80c61a77562052bffa9c5,sanctioned,SHPS SHELBIT,published,ofac,OFAC SDN uid 58287; programs SDGT; ETH; list of 10/02/2026
bsc,0x6b69e2a7545c166417a80c61a77562052bffa9c5,sanctioned,SHPS SHELBIT,published,ofac,OFAC SDN uid 58287; programs SDGT; ETH; list of 10/02/2026
tron,TW5tokvhEfrb77z98Rc8HqbkzQJ6sxYtGX,sanctioned,XINBI GUARANTEE,published,ofac,OFAC SDN uid 58361; programs TCO; TRX; list of 10/02/2026
tron,TBKpozurdWLrbKkxtDqkveeq1dSB8Axj3V,sanctioned,XINBI GUARANTEE,published,ofac,OFAC SDN uid 58361; programs TCO; TRX; list of 10/02/2026
tron,TWqcMjV7Wq2RHe2CSiKQHpkn6A7B2AWUPe,sanctioned,XINBI GUARANTEE,published,ofac,OFAC SDN uid 58361; programs TCO; TRX; list of 10/02/2026
tron,TG83Fk56S2mycAUMYHZyZp9wMg6DCf4bUn,sanctioned,XINBI GUARANTEE,published,ofac,OFAC SDN uid 58361; programs TCO; TRX; list of 10/02/2026
tron,TYkE8VwX1SGHM3Q2CA29nka5U2F2khKAj5,sanctioned,XINBI GUARANTEE,published,ofac,OFAC SDN uid 58361; programs TCO; TRX; list of 10/02/2026
tron,TEECjwHqVG8sDmM3VtscjuCaRe5p351MU7,sanctioned,XINBI GUARANTEE,published,ofac,OFAC SDN uid 58361; programs TCO; TRX; list of 10/02/2026
tron,TDU61o35UEe5hdB3R16c116DrPSV4kiyKz,sanctioned,XINBI GUARANTEE,published,ofac,OFAC SDN uid 58361; programs TCO; TRX; list of 10/02/2026
tron,TKRNCETxbiMmyyMraCkgdXKdLr1ZkmKxV5,sanctioned,XINBI GUARANTEE,published,ofac,OFAC SDN uid 58361; programs TCO; TRX; list of 10/02/2026
tron,TTWRf2MD6zJ26bS4uKCNrcp84aAr7AmTjm,sanctioned,XINBI GUARANTEE,published,ofac,OFAC SDN uid 58361; programs TCO; TRX; list of 10/02/2026
tron,TYvjt4ZKfsipHjA52nzgjUjDBF622SLCih,sanctioned,XINBI GUARANTEE,published,ofac,OFAC SDN uid 58361; programs TCO; TRX; list of 10/02/2026
tron,TXHX2NUvcgft4zs6MkkUtdNVERPTavHDWN,sanctioned,XINBI GUARANTEE,published,ofac,OFAC SDN uid 58361; programs TCO; TRX; list of 10/02/2026
tron,TWPma8xH48AEN93x2krdukV9e1j6sPsBeS,sanctioned,XINBI GUARANTEE,published,ofac,OFAC SDN uid 58361; programs TCO; TRX; list of 10/02/2026
tron,TK3n8pGHvDTcK53mpfeDAMzdwjb22qvFU3,sanctioned,XINBI GUARANTEE,published,ofac,OFAC SDN uid 58361; programs TCO; TRX; list of 10/02/2026
tron,TGSGw4aUeAMNCfD8WqLRLe8ErQiJ1vqghj,sanctioned,XINBI GUARANTEE,published,ofac,OFAC SDN uid 58361; programs TCO; TRX; list of 10/02/2026
tron,TBNjCi1d5Ns6ec5aMp28LpfKcX7xTpykAN,sanctioned,XINBI GUARANTEE,published,ofac,OFAC SDN uid 58361; programs TCO; TRX; list of 10/02/2026
tron,THH9JJNbLDN7qs1CyTxJQEjhC9y5FnZUhU,sanctioned,XINBI GUARANTEE,published,ofac,OFAC SDN uid 58361; programs TCO; TRX; list of 10/02/2026
tron,TQhT3QWAbFiy6GEYuBrbK97uP3XVmTpRD8,sanctioned,XINBI GUARANTEE,published,ofac,OFAC SDN uid 58361; programs TCO; TRX; list of 10/02/2026
tron,TXka5xc6mEkcoVXR7F2TFDKernyLt3XyW4,sanctioned,XINBI GUARANTEE,published,ofac,OFAC SDN uid 58361; programs TCO; TRX; list of 10/02/2026
tron,TH1yknksde3pBY3oWVhUxVTbWbLqdafqYT,sanctioned,XINBI GUARANTEE,published,ofac,OFAC SDN uid 58361; programs TCO; TRX; list of 10/02/2026
tron,TLHWeZcDmXk6idnaGwsQ9CEmK24KpoGgRM,sanctioned,XINBI GUARANTEE,published,ofac,OFAC SDN uid 58361; programs TCO; TRX; list of 10/02/2026
tron,TTmvr41Fa9LeWJQ8NKQ5t4wFUspgEA1mJF,sanctioned,XINBI GUARANTEE,published,ofac,OFAC SDN uid 58361; programs TCO; TRX; list of 10/02/2026
tron,THifikwE6RtxYNWdcP9CWUjXS8Gh1xBCoa,sanctioned,XINBI GUARANTEE,published,ofac,OFAC SDN uid 58361; programs TCO; TRX; list of 10/02/2026
tron,TR983hNyUNgrNSB1xncG9thZNhgYpbNvSh,sanctioned,XINBI GUARANTEE,published,ofac,OFAC SDN uid 58361; programs TCO; TRX; list of 10/02/2026
tron,TNwe3WoEX6XrQ5NPAeWPkvpTtdaf27XYxK,sanctioned,XINBI GUARANTEE,published,ofac,OFAC SDN uid 58361; programs TCO; TRX; list of 10/02/2026
tron,TGcewGsDLy7Fzc66kXXEB8Kh2b6u2XCvnV,sanctioned,XINBI GUARANTEE,published,ofac,OFAC SDN uid 58361; programs TCO; TRX; list of 10/02/2026
tron,TYq3iRujcBELXX89i9JY32UmLxcyZAJe7E,sanctioned,XINBI GUARANTEE,published,ofac,OFAC SDN uid 58361; programs TCO; TRX; list of 10/02/2026
tron,TRyQivSkQChryfnYnE1bUmJhnL3TvKUpvS,sanctioned,XINBI GUARANTEE,published,ofac,OFAC SDN uid 58361; programs TCO; TRX; list of 10/02/2026
tron,TGjYoJLhfAiD2BRV9hwCeuHhZ54D3gLKTd,sanctioned,XINBI GUARANTEE,published,ofac,OFAC SDN uid 58361; programs TCO; TRX; list of 10/02/2026
tron,TXT9atp8qBMXKbFYnRyWkM88UXYyobQNLP,sanctioned,XINBI GUARANTEE,published,ofac,OFAC SDN uid 58361; programs TCO; TRX; list of 10/02/2026
tron,TThRMUSidD4gQeCnu56cFfCmqS421Nmbu7,sanctioned,XINBI GUARANTEE,published,ofac,OFAC SDN uid 58361; programs TCO; TRX; list of 10/02/2026
tron,TAkpWPt2JZdiLSkG7ZX2VAQkZQsnGZ1nqh,sanctioned,XINBI GUARANTEE,published,ofac,OFAC SDN uid 58361; programs TCO; TRX; list of 10/02/2026
tron,TZ8zsUe9M9tkhrFtfE7vMMmEwgVEF3n2UN,sanctioned,XINBI GUARANTEE,published,ofac,OFAC SDN uid 58361; programs TCO; TRX; list of 10/02/2026
tron,TM9c5uR2UKwd5fMySgaoYSjphRyi3AjAtc,sanctioned,XINBI GUARANTEE,published,ofac,OFAC SDN uid 58361; programs TCO; TRX; list of 10/02/2026
tron,TTjHn8qNVxazB3UroiekGRPuM2w2GwvNbn,sanctioned,XINBI GUARANTEE,published,ofac,OFAC SDN uid 58361; programs TCO; TRX; list of 10/02/2026
tron,TWHwre81Mv4hvupNdHnsYX9FPocm29dQQQ,sanctioned,XINBI GUARANTEE,published,ofac,OFAC SDN uid 58361; programs TCO; TRX; list of 10/02/2026
tron,TT4WKPQscK7fkxrPj1E9PjZp1HTVBUpoTm,sanctioned,XINBI GUARANTEE,published,ofac,OFAC SDN uid 58361; programs TCO; TRX; list of 10/02/2026
tron,TYZKYK2fbvw3EAPES2daFvoV4DqPna43Jd,sanctioned,XINBI GUARANTEE,published,ofac,OFAC SDN uid 58361; programs TCO; TRX; list of 10/02/2026
tron,TF7LUSoZQyDFxTFzCL11saBHAqMAyPh8dK,sanctioned,XINBI GUARANTEE,published,ofac,OFAC SDN uid 58361; programs TCO; TRX; list of 10/02/2026
tron,TSmcHwvTR27Ao4NN8HhPFCVcPU5aTEqLDt,sanctioned,XINBI GUARANTEE,published,ofac,OFAC SDN uid 58361; programs TCO; TRX; list of 10/02/2026
tron,TJ6NznpBV5uUpp5uZGDub9zD1999999999,sanctioned,XINBI GUARANTEE,published,ofac,OFAC SDN uid 58361; programs TCO; TRX; list of 10/02/2026
tron,TPD4pmojFA2f2RvgnSDa7YCuGJ4BeS9yK2,sanctioned,XINBI GUARANTEE,published,ofac,OFAC SDN uid 58361; programs TCO; TRX; list of 10/02/2026
tron,TXtH3iUipk6DZnYNu3kgjDsnSSLHLz8ZZU,sanctioned,XINBI GUARANTEE,published,ofac,OFAC SDN uid 58361; programs TCO; TRX; list of 10/02/2026
tron,TBEqQGTxXRWXXeqe7ZwmSB6hc5MMMMMMMM,sanctioned,XINBI GUARANTEE,published,ofac,OFAC SDN uid 58361; programs TCO; TRX; list of 10/02/2026
tron,TTYf9kcvABTSizXsdbC2E5co6jx9jvJ111,sanctioned,XINBI GUARANTEE,published,ofac,OFAC SDN uid 58361; programs TCO; TRX; list of 10/02/2026
tron,TTrHak4biV5ZtNwN1K8oi7916CjmeVVeH8,sanctioned,XINBI GUARANTEE,published,ofac,OFAC SDN uid 58361; programs TCO; TRX; list of 10/02/2026
tron,TCoKgVdQbSyPnJnf9oNUNQn3dWMDD9wbQL,sanctioned,XINBI GUARANTEE,published,ofac,OFAC SDN uid 58361; programs TCO; TRX; list of 10/02/2026
tron,TNUQ2rZSRjZaGhtbwaFZEvuaemMj5z5Fnm,sanctioned,XINBI GUARANTEE,published,ofac,OFAC SDN uid 58361; programs TCO; TRX; list of 10/02/2026
tron,TTWBrNgoooSs9HQQKMty3ZQDbS9LzgjNiH,sanctioned,XINBI GUARANTEE,published,ofac,OFAC SDN uid 58361; programs TCO; TRX; list of 10/02/2026
tron,TGu8xk3u1QcA9FNCQZ4RUTvniiCjNkjXkA,sanctioned,XINBI GUARANTEE,published,ofac,OFAC SDN uid 58361; programs TCO; TRX; list of 10/02/2026
tron,TAQPzv9941nVuTj4ng2vd6L11Re57r42pW,sanctioned,XINBI GUARANTEE,published,ofac,OFAC SDN uid 58361; programs TCO; TRX; list of 10/02/2026
tron,TMdZfVVAsxKsbXGmV3kBnEgM69z3QHH3kz,sanctioned,XINBI GUARANTEE,published,ofac,OFAC SDN uid 58361; programs TCO; TRX; list of 10/02/2026
tron,TZ42sU5kQ2n5rLZ6PhEGkmfLtmHjoi2vpr,sanctioned,XINBI GUARANTEE,published,ofac,OFAC SDN uid 58361; programs TCO; TRX; list of 10/02/2026
tron,TJCBpxZ3yC7C7oegSRZMFxBcscmUVeSA36,sanctioned,Almpertos TSORIS,published,ofac,OFAC SDN uid 58409; programs IRAN-EO13902; USDT; list of 10/02/2026
